{
  "vary_num_samples_16": {
    "score": 89.430908203125,
    "per_frame_errors": [
      28.21222496032715,
      39.30770492553711,
      29.792388916015625,
      27.299114227294922,
      24.53774070739746,
      22.562572479248047,
      20.817319869995117,
      19.434906005859375,
      18.30995750427246,
      17.364683151245117,
      16.480173110961914,
      15.757469177246094,
      15.107481002807617,
      14.588736534118652,
      14.03175163269043,
      13.504630088806152,
      13.006128311157227,
      12.705106735229492,
      12.35804271697998,
      12.039979934692383,
      11.776429176330566,
      11.550801277160645,
      11.359208106994629,
      11.168296813964844,
      10.965106964111328,
      10.822627067565918,
      10.667337417602539,
      10.976094245910645,
      8.726943016052246,
      6.123498439788818,
      5.105813503265381,
      10.03117561340332,
      9.608088493347168,
      10.049249649047852,
      10.041327476501465,
      9.982757568359375,
      9.921236038208008,
      9.872425079345703,
      9.892509460449219,
      9.908109664916992,
      9.80202865600586,
      9.798389434814453,
      9.869242668151855,
      9.867420196533203,
      9.745523452758789,
      9.798824310302734,
      9.69173812866211,
      9.595816612243652,
      9.583984375,
      9.648860931396484,
      9.65603256225586,
      9.59619426727295,
      9.522056579589844,
      9.537928581237793,
      9.56595516204834,
      9.58393669128418,
      9.508296012878418,
      9.941398620605469,
      7.958112716674805,
      5.411612510681152,
      4.515019416809082,
      9.31291675567627,
      8.999191284179688,
      9.3846435546875,
      9.382136344909668,
      9.42765998840332,
      9.416586875915527,
      9.377437591552734,
      9.332390785217285,
      9.364922523498535,
      9.431290626525879,
      9.382678985595703,
      9.294855117797852,
      9.314949035644531,
      9.35203742980957,
      9.330071449279785,
      9.301538467407227,
      9.410292625427246,
      9.399770736694336,
      9.334242820739746,
      9.274006843566895,
      9.341887474060059,
      9.373271942138672,
      9.382227897644043,
      9.336381912231445,
      9.308611869812012,
      9.3560791015625,
      9.74998950958252,
      7.715680122375488,
      5.273521900177002,
      4.473421573638916,
      9.161004066467285,
      8.911995887756348,
      9.426153182983398,
      9.400253295898438,
      9.38334846496582,
      9.323358535766602,
      9.359623908996582,
      9.387675285339355,
      9.35665512084961,
      9.296728134155273,
      9.325493812561035,
      9.38524055480957,
      9.418865203857422,
      9.291600227355957,
      9.318304061889648,
      9.387554168701172,
      9.393691062927246,
      9.356898307800293,
      9.45280647277832,
      9.417284965515137,
      9.367768287658691,
      9.34389591217041,
      9.38884162902832,
      9.399944305419922,
      9.374810218811035,
      9.293503761291504,
      9.660018920898438,
      7.88685417175293,
      5.424351692199707,
      4.4991278648376465,
      9.186147689819336,
      8.966043472290039,
      9.338134765625,
      9.327235221862793,
      9.43529224395752,
      9.378416061401367,
      9.366942405700684,
      9.344148635864258,
      9.378654479980469,
      9.433281898498535,
      9.43388843536377,
      9.363993644714355,
      9.340486526489258,
      9.428149223327637,
      9.464536666870117,
      9.364465713500977,
      9.36500072479248,
      9.41433048248291,
      9.413415908813477,
      9.325077056884766,
      9.456425666809082,
      9.475025177001953,
      9.456470489501953,
      9.416417121887207,
      9.432838439941406,
      9.457141876220703,
      9.787725448608398,
      7.872103691101074,
      5.448091506958008
    ]
  },
  "vary_num_samples_32": {
    "score": 89.65258026123047,
    "per_frame_errors": [
      22.28805160522461,
      33.605037689208984,
      26.951751708984375,
      25.24633026123047,
      23.010623931884766,
      21.32971954345703,
      19.80620765686035,
      18.556915283203125,
      17.5069522857666,
      16.643285751342773,
      15.819398880004883,
      15.134169578552246,
      14.532530784606934,
      14.048844337463379,
      13.569552421569824,
      13.146424293518066,
      12.735942840576172,
      12.444295883178711,
      12.10469913482666,
      11.836543083190918,
      11.574892044067383,
      11.381734848022461,
      11.188196182250977,
      10.9985933303833,
      10.884966850280762,
      10.791946411132812,
      10.584694862365723,
      10.833484649658203,
      8.66580867767334,
      6.0550432205200195,
      5.023645877838135,
      9.882925033569336,
      9.473470687866211,
      9.925869941711426,
      9.922189712524414,
      9.878194808959961,
      9.823034286499023,
      9.79262924194336,
      9.820935249328613,
      9.837367057800293,
      9.731169700622559,
      9.741659164428711,
      9.801677703857422,
      9.79595947265625,
      9.680618286132812,
      9.72753620147705,
      9.660014152526855,
      9.6376371383667,
      9.652814865112305,
      9.663813591003418,
      9.633159637451172,
      9.577317237854004,
      9.48906421661377,
      9.502095222473145,
      9.527981758117676,
      9.489946365356445,
      9.500184059143066,
      9.974451065063477,
      7.903712749481201,
      5.3680901527404785,
      4.502687454223633,
      9.247873306274414,
      8.921856880187988,
      9.336463928222656,
      9.320932388305664,
      9.354755401611328,
      9.343109130859375,
      9.310998916625977,
      9.267706871032715,
      9.310857772827148,
      9.384790420532227,
      9.336674690246582,
      9.248412132263184,
      9.276771545410156,
      9.310256004333496,
      9.286380767822266,
      9.253900527954102,
      9.358332633972168,
      9.380351066589355,
      9.386627197265625,
      9.362234115600586,
      9.380695343017578,
      9.386696815490723,
      9.36231517791748,
      9.311833381652832,
      9.297277450561523,
      9.283597946166992,
      9.62746524810791,
      7.744343280792236,
      5.3545708656311035,
      4.407447338104248,
      9.065284729003906,
      8.873290061950684,
      9.330585479736328,
      9.330503463745117,
      9.320642471313477,
      9.253104209899902,
      9.284520149230957,
      9.314027786254883,
      9.280854225158691,
      9.22758960723877,
      9.269731521606445,
      9.338338851928711,
      9.365074157714844,
      9.231104850769043,
      9.26375675201416,
      9.335110664367676,
      9.334259986877441,
      9.298907279968262,
      9.391307830810547,
      9.39272689819336,
      9.400513648986816,
      9.374953269958496,
      9.379575729370117,
      9.377518653869629,
      9.359292030334473,
      9.227839469909668,
      9.604936599731445,
      7.768828392028809,
      5.329653263092041,
      4.461447715759277,
      9.13962459564209,
      8.877734184265137,
      9.251452445983887,
      9.305561065673828,
      9.35123062133789,
      9.331099510192871,
      9.34194278717041,
      9.313727378845215,
      9.329111099243164,
      9.357882499694824,
      9.366080284118652,
      9.306222915649414,
      9.290600776672363,
      9.376718521118164,
      9.408821105957031,
      9.309127807617188,
      9.307490348815918,
      9.35578441619873,
      9.357194900512695,
      9.268204689025879,
      9.397393226623535,
      9.45896053314209,
      9.53204345703125,
      9.562779426574707,
      9.50339412689209,
      9.466443061828613,
      9.771892547607422,
      7.843774795532227,
      5.471766471862793
    ]
  },
  "vary_num_samples_4": {
    "score": 89.33309173583984,