{
  "vary_num_samples_TAA_16": {
    "score": 97.10282135009766,
    "per_frame_errors": [
      1.5507662296295166,
      3.1127257347106934,
      2.562316656112671,
      2.855546474456787,
      2.8769354820251465,
      2.93259596824646,
      2.8505985736846924,
      2.516892671585083,
      2.2271602153778076,
      2.016408681869507,
      1.88009512424469,
      1.7907991409301758,
      1.7498345375061035,
      1.7531994581222534,
      1.7515171766281128,
      1.7511086463928223,
      1.7456825971603394,
      1.7344073057174683,
      1.705795407295227,
      1.725530982017517,
      1.7804166078567505,
      1.8555179834365845,
      1.8913789987564087,
      1.8968069553375244,
      1.9200180768966675,
      1.9558485746383667,
      1.978294014930725,
      2.1209909915924072,
      1.6170042753219604,
      1.1787713766098022,
      1.2054866552352905,
      2.2352752685546875,
      1.805869698524475,
      1.998630166053772,
      2.0170061588287354,
      2.02266526222229,
      2.0255894660949707,
      2.0249907970428467,
      2.0211689472198486,
      2.019587516784668,
      2.0096473693847656,
      2.006197690963745,
      2.0377540588378906,
      2.1214077472686768,
      2.2298405170440674,
      2.3379929065704346,
      2.4437904357910156,
      2.5150203704833984,
      2.554016351699829,
      2.593644618988037,
      2.5477864742279053,
      2.5120010375976562,
      2.493873119354248,
      2.4868736267089844,
      2.468064308166504,
      2.4747133255004883,
      2.457091808319092,
      2.716758966445923,
      2.378725290298462,
      1.7999340295791626,
      2.29396915435791,
      3.0951685905456543,
      2.5723910331726074,
      2.904975414276123,
      3.0103678703308105,
      3.073884963989258,
      3.148564100265503,
      3.229198694229126,
      3.300621747970581,
      3.377729654312134,
      3.4609687328338623,
      3.5516488552093506,
      3.6483314037323,
      3.763166666030884,
      3.860175609588623,
      3.9492459297180176,
      4.0201096534729,
      4.09747838973999,
      4.1604695320129395,
      4.217744827270508,
      4.269344329833984,
      4.326383590698242,
      4.369263172149658,
      4.383199691772461,
      4.405775547027588,
      4.36793851852417,
      4.322887420654297,
      4.817608833312988,
      5.050846099853516,
      3.62203311920166,
      4.860818862915039,
      4.822354316711426,
      3.5804779529571533,
      3.8203675746917725,
      3.770667791366577,
      3.6761372089385986,
      3.6070520877838135,
      3.5285160541534424,
      3.4877305030822754,
      3.483846664428711,
      3.5179989337921143,
      3.610168218612671,
      3.6907145977020264,
      3.7651710510253906,
      3.7820208072662354,
      3.7587664127349854,
      3.695354700088501,
      3.601473331451416,
      3.5363516807556152,
      3.4850330352783203,
      3.445773124694824,
      3.4242513179779053,
      3.441500663757324,
      3.4346909523010254,
      3.4223108291625977,
      3.375926971435547,
      3.3064258098602295,
      3.622201681137085,
      2.698883056640625,
      1.7272248268127441,
      1.816471815109253,
      3.48616623878479,
      2.7826333045959473,
      3.1787333488464355,
      3.2167625427246094,
      3.2264926433563232,
      3.2237424850463867,
      3.21364688873291,
      3.1865503787994385,
      3.1193466186523438,
      3.1056835651397705,
      3.094341278076172,
      3.0415730476379395,
      3.0009074211120605,
      2.976651430130005,
      2.9719903469085693,
      2.9616143703460693,
      2.933411121368408,
      2.90978741645813,
      2.8879921436309814,
      2.88480281829834,
      2.9221458435058594,
      2.9672248363494873,
      2.987682342529297,
      2.985640525817871,
      2.8998894691467285,
      2.768915891647339,
      3.0045626163482666,
      2.1466333866119385,
      1.1772210597991943
    ]
  },
  "vary_num_samples_TAA_32": {
    "score": 97.33430480957031,
    "per_frame_errors": [
      1.5605016946792603,
      2.8768744468688965,
      2.2563812732696533,
      2.416853189468384,
      2.377410411834717,
      2.3938982486724854,
      2.2817366123199463,
      1.9846378564834595,
      1.7498232126235962,
      1.6169776916503906,
      1.5416144132614136,
      1.4872715473175049,
      1.4499276876449585,
      1.4532134532928467,
      1.460869550704956,
      1.4675374031066895,
      1.4700710773468018,
      1.4861339330673218,
      1.5042715072631836,
      1.5480046272277832,
      1.5959287881851196,
      1.6465777158737183,
      1.67842698097229,
      1.707943081855774,
      1.7428430318832397,
      1.7713673114776611,
      1.7835625410079956,
      1.948419213294983,
      1.541153073310852,
      1.1051716804504395,
      1.1981945037841797,
      2.090031147003174,
      1.7029006481170654,
      1.8803585767745972,
      1.9073514938354492,
      1.9112420082092285,
      1.9131604433059692,
      1.91282057762146,
      1.9039281606674194,
      1.9062491655349731,
      1.8983569145202637,
      1.8951383829116821,
      1.9163744449615479,
      1.984174132347107,
      2.069629669189453,
      2.1410892009735107,
      2.1788296699523926,
      2.2106356620788574,
      2.2392096519470215,
      2.2712318897247314,
      2.248561382293701,
      2.243929862976074,
      2.2467687129974365,
      2.2517669200897217,
      2.242918014526367,
      2.2606842517852783,
      2.2507777214050293,
      2.51465106010437,
      2.2934093475341797,
      1.741737723350525,
      2.3165082931518555,
      2.9273860454559326,
      2.4621644020080566,
      2.7913460731506348,
      2.9097890853881836,
      2.982412099838257,
      3.0717360973358154,
      3.162310838699341,
      3.253484010696411,
      3.3423662185668945,
      3.4382944107055664,
      3.5368757247924805,
      3.6445186138153076,
      3.7667317390441895,
      3.868669033050537,
      3.959707736968994,
      4.026175498962402,
      4.10415506362915,
      4.165379524230957,
      4.229279041290283,
      4.277995586395264,
      4.331904888153076,
      4.37393856048584,
      4.384286403656006,
      4.407450199127197,
      4.3632378578186035,
      4.314403057098389,
      4.8135504722595215,
      5.10059118270874,
      3.6688215732574463,
      4.982763290405273,
      4.814225673675537,
      3.58071231842041,
      3.8019909858703613,
      3.7535781860351562,
      3.652716875076294,
      3.5766103267669678,
      3.4791460037231445,
      3.420358896255493,
      3.3884942531585693,
      3.3770673274993896,
      3.4141979217529297,
      3.4534199237823486,
      3.492011547088623,
      3.4929726123809814,
      3.455038070678711,
      3.392887830734253,
      3.2973062992095947,
      3.225851058959961,
      3.1595075130462646,
      3.1017978191375732,
      3.0630226135253906,
      3.0588693618774414,
      3.0402164459228516,
      3.019432306289673,
      2.9679181575775146,
      2.884892463684082,
      3.1016128063201904,
      2.3438775539398193,
      1.5175833702087402,
      1.562777042388916,
      2.91731858253479,
      2.3608040809631348,
      2.6758079528808594,
      2.7001571655273438,
      2.6984105110168457,
      2.6899454593658447,
      2.6759629249572754,
      2.650031566619873,
      2.5849709510803223,
      2.5672767162323,
      2.573587656021118,
      2.538707971572876,
      2.5074079036712646,
      2.5043299198150635,
      2.508072853088379,
      2.4966201782226562,
      2.476114273071289,
      2.460690498352051,
      2.4452669620513916,
      2.433964729309082,
      2.461453914642334,
      2.4905481338500977,
      2.506368637084961,
      2.5057435035705566,
      2.44834303855896,
      2.3411006927490234,
      2.564724922180176,
      1.8309412002563477,
      1.0396981239318848
    ]
  },
  "vary_num_samples_TAA_4": {
    "score": 96.12831115722656,