{
  "vary_hist_percent_100": {
    "score": 97.0281753540039,
    "per_frame_errors": [
      1.9970682859420776,
      4.869260787963867,
      3.8573925495147705,
      4.113638401031494,
      3.8538360595703125,
      3.273122549057007,
      2.88985538482666,
      2.40079665184021,
      2.0344834327697754,
      1.796104073524475,
      1.6473249197006226,
      1.5026856660842896,
      1.3973190784454346,
      1.344625473022461,
      1.378899335861206,
      1.3125464916229248,
      1.2758194208145142,
      1.2505005598068237,
      1.2371692657470703,
      1.280314326286316,
      1.325923204421997,
      1.356569528579712,
      1.3978869915008545,
      1.390321135520935,
      1.414185643196106,
      1.4382810592651367,
      1.467333436012268,
      1.631734848022461,
      1.317225694656372,
      0.8713427186012268,
      1.021563172340393,
      1.899529218673706,
      1.5763154029846191,
      1.834667682647705,
      1.896302580833435,
      1.9491863250732422,
      1.991600513458252,
      2.01330828666687,
      2.065342903137207,
      2.1163060665130615,
      2.1943628787994385,
      2.2213399410247803,
      2.252610921859741,
      2.348233461380005,
      2.5063693523406982,
      2.6180596351623535,
      2.7111363410949707,
      2.7577130794525146,
      2.85892653465271,
      2.922987461090088,
      2.9043798446655273,
      2.885725975036621,
      2.9013171195983887,
      2.9039556980133057,
      2.890018939971924,
      2.8583569526672363,
      2.8729021549224854,
      3.167410373687744,
      2.6323623657226562,
      1.9104870557785034,
      2.463231086730957,
      3.4377214908599854,
      2.7403905391693115,
      3.043729305267334,
      3.1181719303131104,
      3.1413414478302,
      3.1741585731506348,
      3.199274778366089,
      3.221862316131592,
      3.2630038261413574,
      3.335300922393799,
      3.3650386333465576,
      3.4374144077301025,
      3.5333073139190674,
      3.6202094554901123,
      3.65169095993042,
      3.6786463260650635,
      3.7327992916107178,
      3.783883571624756,
      3.8054141998291016,
      3.8194680213928223,
      3.8694825172424316,
      3.9341306686401367,
      3.9348835945129395,
      3.9771037101745605,
      3.9353747367858887,
      3.8924341201782227,
      4.294152736663818,
      4.591391563415527,
      3.5666544437408447,
      4.855650901794434,
      4.453267574310303,
      3.2966203689575195,
      3.5146186351776123,
      3.485917329788208,
      3.4395408630371094,
      3.417322874069214,
      3.40920352935791,
      3.4082295894622803,
      3.40651273727417,
      3.451535224914551,
      3.504950761795044,
      3.5650651454925537,
      3.604617118835449,
      3.628727436065674,
      3.6083550453186035,
      3.5924324989318848,
      3.475879669189453,
      3.3571877479553223,
      3.3348329067230225,
      3.341003179550171,
      3.342256784439087,
      3.3919174671173096,
      3.3606603145599365,
      3.383310317993164,
      3.3838248252868652,
      3.321082353591919,
      3.73742413520813,
      2.935171365737915,
      1.6421787738800049,
      1.866493582725525,
      3.5831966400146484,
      2.7576284408569336,
      3.234569549560547,
      3.2120323181152344,
      3.1770803928375244,
      3.1532821655273438,
      3.093629837036133,
      3.0909337997436523,
      3.0768935680389404,
      3.0764544010162354,
      3.1864774227142334,
      3.322399139404297,
      3.4683101177215576,
      3.7072224617004395,
      3.8333942890167236,
      4.021114349365234,
      4.136960029602051,
      4.175023078918457,
      4.155238628387451,
      4.051204681396484,
      3.9436278343200684,
      3.9253971576690674,
      3.8392860889434814,
      3.9597458839416504,
      4.11614990234375,
      4.263262748718262,
      5.0073065757751465,
      3.5487232208251953,
      1.573156476020813
    ]
  },
  "vary_hist_percent_125": {
    "score": 97.33355712890625,
    "per_frame_errors": [
      1.7895328998565674,
      4.780473709106445,
      3.888314962387085,
      4.323240280151367,
      4.064051628112793,
      3.586350917816162,
      3.207702398300171,
      2.6548538208007812,
      2.3034729957580566,
      2.0607731342315674,
      1.8578792810440063,
      1.7205133438110352,
      1.5942978858947754,
      1.5299299955368042,
      1.523573875427246,
      1.4346349239349365,
      1.3931678533554077,
      1.393527865409851,
      1.391745686531067,
      1.4135152101516724,
      1.4049081802368164,
      1.3780220746994019,
      1.3864508867263794,
      1.3838169574737549,
      1.400463342666626,
      1.4084675312042236,
      1.4231160879135132,
      1.566438913345337,
      1.2503308057785034,
      0.9344828724861145,
      0.9876524209976196,
      1.7442127466201782,
      1.4993630647659302,
      1.6998218297958374,
      1.7407169342041016,
      1.776559829711914,
      1.7936171293258667,
      1.7943588495254517,
      1.8240115642547607,
      1.8271362781524658,
      1.8593107461929321,
      1.8888473510742188,
      1.9181382656097412,
      2.0072569847106934,
      2.125232458114624,
      2.2283620834350586,
      2.3244712352752686,
      2.3420066833496094,
      2.40995192527771,
      2.472932815551758,
      2.436983585357666,
      2.42053484916687,
      2.40899395942688,
      2.4049794673919678,
      2.392974615097046,
      2.342191219329834,
      2.3382248878479004,
      2.572287082672119,
      2.149994373321533,
      1.6029694080352783,
      2.042736530303955,
      2.8759546279907227,
      2.3813629150390625,
      2.6506268978118896,
      2.708979606628418,
      2.753938913345337,
      2.7983558177948,
      2.860386848449707,
      2.903006076812744,
      2.957770586013794,
      3.041304588317871,
      3.079772472381592,
      3.135695219039917,
      3.2491092681884766,
      3.3292927742004395,
      3.384007453918457,
      3.408799171447754,
      3.4601986408233643,
      3.5234792232513428,
      3.5447001457214355,
      3.559302568435669,
      3.5989599227905273,
      3.637014865875244,
      3.6456174850463867,
      3.6555142402648926,
      3.615410804748535,
      3.5925915241241455,
      3.981938600540161,
      4.270514011383057,
      3.2794504165649414,
      4.50361442565918,
      4.036658763885498,
      2.978325128555298,
      3.1571524143218994,
      3.1374940872192383,
      3.0727415084838867,
      3.0518128871917725,
      3.037198066711426,
      3.0147740840911865,
      3.0338971614837646,
      3.0471363067626953,
      3.112574815750122,
      3.1819183826446533,
      3.1932475566864014,
      3.234638214111328,
      3.275728464126587,
      3.2387263774871826,
      3.1889708042144775,
      3.085145950317383,
      3.044328212738037,
      3.0500259399414062,
      3.031573534011841,
      3.049307107925415,
      3.041616916656494,
      2.994570255279541,
      2.991644859313965,
      2.9156808853149414,
      3.1798925399780273,
      2.46606183052063,
      1.4484559297561646,
      1.5491803884506226,
      3.0303471088409424,
      2.389897108078003,
      2.8287723064422607,
      2.850914716720581,
      2.851313591003418,
      2.901491641998291,
      2.8762598037719727,
      2.9058852195739746,
      2.9115710258483887,
      2.908452033996582,
      2.97806978225708,
      2.9524550437927246,
      2.928913116455078,
      2.963942050933838,
      2.953233480453491,
      3.030193328857422,
      3.107025384902954,
      3.1477134227752686,
      3.2703216075897217,
      3.2854580879211426,
      3.2760472297668457,
      3.2815864086151123,
      3.193831205368042,
      3.172783851623535,
      3.1772477626800537,
      3.173732042312622,
      3.762179136276245,
      2.589747667312622,
      1.2152312994003296
    ]
  },
  "vary_hist_percent_150": {
    "score": 97.7117919921875,