{
  "vary_num_samples_16": {
    "score": 97.01783752441406,
    "per_frame_errors": [
      1.9688231945037842,
      4.57787561416626,
      3.6441609859466553,
      3.7548811435699463,
      3.517639636993408,
      3.0470855236053467,
      2.7550997734069824,
      2.291241407394409,
      1.908982276916504,
      1.7038735151290894,
      1.5954453945159912,
      1.4397921562194824,
      1.3579716682434082,
      1.2950515747070312,
      1.2952051162719727,
      1.2775622606277466,
      1.245758056640625,
      1.2272874116897583,
      1.217231273651123,
      1.264991283416748,
      1.3164507150650024,
      1.3445637226104736,
      1.390260934829712,
      1.3868838548660278,
      1.3871203660964966,
      1.4108774662017822,
      1.4594842195510864,
      1.6132861375808716,
      1.3177868127822876,
      0.8895387649536133,
      1.0144582986831665,
      1.9081828594207764,
      1.5802496671676636,
      1.846233606338501,
      1.9065121412277222,
      1.9550285339355469,
      1.9959237575531006,
      2.0162785053253174,
      2.066044807434082,
      2.1027982234954834,
      2.158255100250244,
      2.19655704498291,
      2.248915433883667,
      2.354475975036621,
      2.5124359130859375,
      2.6331663131713867,
      2.7136449813842773,
      2.7843594551086426,
      2.8841538429260254,
      2.961010456085205,
      2.939807176589966,
      2.9172182083129883,
      2.9299204349517822,
      2.932816505432129,
      2.9122543334960938,
      2.8716185092926025,
      2.837998151779175,
      3.0978991985321045,
      2.647022008895874,
      1.9429168701171875,
      2.4639945030212402,
      3.4736950397491455,
      2.7347662448883057,
      3.0363917350769043,
      3.1263742446899414,
      3.1676056385040283,
      3.212571859359741,
      3.2331619262695312,
      3.2487735748291016,
      3.2825214862823486,
      3.368605375289917,
      3.4277353286743164,
      3.4714250564575195,
      3.532360315322876,
      3.630643606185913,
      3.685882568359375,
      3.7109262943267822,
      3.78884220123291,
      3.8534841537475586,
      3.8710484504699707,
      3.8754966259002686,
      3.9162755012512207,
      3.9814720153808594,
      3.9731523990631104,
      4.00883674621582,
      3.9618313312530518,
      3.933576822280884,
      4.355562210083008,
      4.622159004211426,
      3.5629184246063232,
      4.878754615783691,
      4.521359920501709,
      3.3455357551574707,
      3.599534749984741,
      3.5610482692718506,
      3.524914026260376,
      3.4844253063201904,
      3.470346689224243,
      3.4639761447906494,
      3.4508447647094727,
      3.496074676513672,
      3.547290563583374,
      3.6202735900878906,
      3.651571273803711,
      3.646451711654663,
      3.633507490158081,
      3.6234703063964844,
      3.5451762676239014,
      3.4387290477752686,
      3.3782894611358643,
      3.399857997894287,
      3.4126503467559814,
      3.4811973571777344,
      3.4478273391723633,
      3.4555468559265137,
      3.4376797676086426,
      3.3687217235565186,
      3.767350673675537,
      2.964707612991333,
      1.6809992790222168,
      1.9167999029159546,
      3.668336868286133,
      2.7977888584136963,
      3.275578260421753,
      3.267514705657959,
      3.2061386108398438,
      3.1785693168640137,
      3.1370253562927246,
      3.126955986022949,
      3.130370616912842,
      3.137430429458618,
      3.2445335388183594,
      3.373969316482544,
      3.5100624561309814,
      3.7694180011749268,
      3.9300878047943115,
      4.017517566680908,
      4.142030239105225,
      4.214419841766357,
      4.109106540679932,
      4.026610851287842,
      3.938086748123169,
      3.9083685874938965,
      3.8989109992980957,
      4.03800630569458,
      4.180023193359375,
      4.331356525421143,
      5.079215049743652,
      3.595217227935791,
      1.5940656661987305
    ]
  },
  "vary_num_samples_32": {
    "score": 97.02511596679688,
    "per_frame_errors": [
      1.814780831336975,
      4.866772174835205,
      3.890383005142212,
      4.283158302307129,
      4.109065532684326,
      3.5853404998779297,
      3.2286975383758545,
      2.6972403526306152,
      2.2839462757110596,
      2.07755970954895,
      1.9598389863967896,
      1.783913493156433,
      1.6896065473556519,
      1.6105098724365234,
      1.5941264629364014,
      1.5938992500305176,
      1.5293258428573608,
      1.487674355506897,
      1.4998399019241333,
      1.5219334363937378,
      1.5536233186721802,
      1.5886985063552856,
      1.5937186479568481,
      1.634490728378296,
      1.6918118000030518,
      1.6524399518966675,
      1.636649250984192,
      1.7890514135360718,
      1.458274006843567,
      1.0676367282867432,
      1.092484951019287,
      2.0023374557495117,
      1.7061173915863037,
      1.9521712064743042,
      1.9959315061569214,
      2.0305635929107666,
      2.059213876724243,
      2.069896936416626,
      2.1027002334594727,
      2.121119976043701,
      2.1640501022338867,
      2.1932687759399414,
      2.2372305393218994,
      2.3386921882629395,
      2.493116855621338,
      2.6092326641082764,
      2.6905629634857178,
      2.747915506362915,
      2.842406749725342,
      2.871220588684082,
      2.8257758617401123,
      2.819462299346924,
      2.8152291774749756,
      2.8378520011901855,
      2.825014352798462,
      2.788398504257202,
      2.758265256881714,
      2.897045612335205,
      2.3785040378570557,
      1.7490700483322144,
      2.230318307876587,
      3.2775824069976807,
      2.6155474185943604,
      2.9145379066467285,
      2.998260021209717,
      3.0336766242980957,
      3.0717246532440186,
      3.0918731689453125,
      3.1143412590026855,
      3.150442361831665,
      3.237833023071289,
      3.2899248600006104,
      3.328653335571289,
      3.390425205230713,
      3.4879376888275146,
      3.5433566570281982,
      3.5697121620178223,
      3.6459758281707764,
      3.7082486152648926,
      3.752676010131836,
      3.7935545444488525,
      3.7966465950012207,
      3.8020684719085693,
      3.8189356327056885,
      3.8468620777130127,
      3.8310632705688477,
      3.810079574584961,
      4.198382377624512,
      4.408135414123535,
      3.387343645095825,
      4.602344036102295,
      4.282115459442139,
      3.2246487140655518,
      3.474184274673462,
      3.426687479019165,
      3.370919942855835,
      3.35214900970459,
      3.3498282432556152,
      3.3502137660980225,
      3.346531867980957,
      3.4020044803619385,
      3.4588534832000732,
      3.5372776985168457,
      3.5731427669525146,
      3.572408437728882,
      3.566944122314453,
      3.5593953132629395,
      3.4862897396087646,
      3.38297438621521,
      3.32517409324646,
      3.3550853729248047,
      3.446782350540161,
      3.4966652393341064,
      3.475966453552246,
      3.442610025405884,
      3.377021074295044,
      3.358428478240967,
      3.787689447402954,
      2.911846160888672,
      1.620225429534912,
      1.8133255243301392,
      3.4848148822784424,
      2.6092426776885986,
      3.052825689315796,
      3.085995674133301,
      3.093737840652466,
      3.0205233097076416,
      2.9809319972991943,
      2.9935126304626465,
      2.993250608444214,
      3.0332112312316895,
      3.160429000854492,
      3.291187286376953,
      3.4442946910858154,
      3.7149577140808105,
      3.8806324005126953,
      3.981961488723755,
      4.114577293395996,
      4.184095859527588,
      4.084778308868408,
      4.007119178771973,
      3.915550947189331,
      3.888078451156616,
      3.9421558380126953,
      4.086740016937256,
      4.113554000854492,
      4.339552879333496,
      4.9350361824035645,
      3.529057264328003,
      1.606662631034851
    ]
  },
  "vary_num_samples_4": {
    "score": 96.91128540039062,