{
  "vary_num_samples_16": {
    "score": 94.0743408203125,
    "per_frame_errors": [
      19.063602447509766,
      32.186283111572266,
      20.74419403076172,
      16.76919174194336,
      12.81654167175293,
      10.321381568908691,
      8.677144050598145,
      7.276439189910889,
      6.245000839233398,
      5.540773868560791,
      5.0477614402771,
      4.678286075592041,
      4.378100395202637,
      4.215869903564453,
      4.1241278648376465,
      4.079099655151367,
      4.069509506225586,
      4.084925651550293,
      4.096548080444336,
      4.015853404998779,
      3.9264180660247803,
      3.9081194400787354,
      4.022817611694336,
      4.158542156219482,
      4.13639497756958,
      4.190147399902344,
      4.411599636077881,
      5.290340423583984,
      4.828854560852051,
      3.486142873764038,
      4.036231517791748,
      7.440364360809326,
      5.472186088562012,
      5.23087739944458,
      4.803596496582031,
      4.494118690490723,
      4.2856645584106445,
      4.187732219696045,
      4.272267818450928,
      3.974982261657715,
      3.421659231185913,
      3.2530553340911865,
      3.2000927925109863,
      3.1103954315185547,
      3.154785394668579,
      3.1028833389282227,
      3.0068612098693848,
      2.9586644172668457,
      3.016585111618042,
      3.192641258239746,
      3.310462713241577,
      3.3078558444976807,
      3.3368711471557617,
      3.2910962104797363,
      3.4369683265686035,
      3.448474645614624,
      3.2545502185821533,
      3.5242769718170166,
      2.75327730178833,
      1.7549422979354858,
      1.7377102375030518,
      3.335404634475708,
      2.9433441162109375,
      3.2176010608673096,
      3.306529998779297,
      3.4002466201782227,
      3.5723750591278076,
      3.9804799556732178,
      4.148239612579346,
      4.264217376708984,
      4.607463836669922,
      4.899449348449707,
      5.15899658203125,
      5.758859157562256,
      7.004977226257324,
      7.66313362121582,
      7.017465114593506,
      5.1824750900268555,
      4.146999835968018,
      3.6818902492523193,
      3.4239461421966553,
      3.2268598079681396,
      2.984233856201172,
      2.803870677947998,
      2.6428775787353516,
      2.6707797050476074,
      2.858614683151245,
      3.2769434452056885,
      2.6545112133026123,
      1.8116449117660522,
      2.2581989765167236,
      3.9741287231445312,
      3.696355104446411,
      4.237057685852051,
      4.400299549102783,
      4.560279846191406,
      4.792204856872559,
      4.996059417724609,
      5.230556488037109,
      5.397461414337158,
      5.701728820800781,
      6.123416423797607,
      6.951826572418213,
      8.169154167175293,
      10.06006145477295,
      11.475963592529297,
      11.334882736206055,
      10.875173568725586,
      10.217751502990723,
      9.628013610839844,
      9.132039070129395,
      8.906325340270996,
      8.770956039428711,
      8.464705467224121,
      8.032355308532715,
      7.825109958648682,
      7.631633758544922,
      8.12131118774414,
      5.954861640930176,
      3.8821322917938232,
      3.5515239238739014,
      7.066608905792236,
      6.143124580383301,
      6.605481147766113,
      6.718938827514648,
      6.660899639129639,
      6.571256160736084,
      6.586694717407227,
      6.726180553436279,
      6.848591327667236,
      6.828442573547363,
      6.992580890655518,
      7.075138092041016,
      7.188786029815674,
      7.532323837280273,
      7.6415534019470215,
      7.663769721984863,
      7.858003616333008,
      8.032353401184082,
      8.094529151916504,
      8.345839500427246,
      8.48766040802002,
      8.508549690246582,
      8.729791641235352,
      9.067253112792969,
      9.318902015686035,
      9.42967414855957,
      10.959439277648926,
      8.41952896118164,
      5.187445163726807
    ]
  },
  "vary_num_samples_32": {
    "score": 94.3973159790039,
    "per_frame_errors": [
      12.125994682312012,
      23.634902954101562,
      15.425363540649414,
      12.757795333862305,
      9.828461647033691,
      8.038705825805664,
      6.879316806793213,
      5.859213352203369,
      5.060842514038086,
      4.547494888305664,
      4.168033123016357,
      3.9056501388549805,
      3.653974771499634,
      3.5339274406433105,
      3.4951953887939453,
      3.5046651363372803,
      3.476100206375122,
      3.4663140773773193,
      3.5113320350646973,
      3.46278715133667,
      3.4157769680023193,
      3.398671865463257,
      3.498615026473999,
      3.6167476177215576,
      3.6486690044403076,
      3.6541826725006104,
      3.857635974884033,
      4.698981285095215,
      4.202625274658203,
      3.129443883895874,
      3.553253173828125,
      6.951352119445801,
      5.132243633270264,
      4.943745136260986,
      4.556447505950928,
      4.2887163162231445,
      4.106276512145996,
      4.0492448806762695,
      4.1629791259765625,
      3.8839893341064453,
      3.3548810482025146,
      3.20672607421875,
      3.1617674827575684,
      3.079274892807007,
      3.1168763637542725,
      3.070939540863037,
      3.0410454273223877,
      3.1708948612213135,
      3.2132251262664795,
      3.193753957748413,
      3.44858455657959,
      3.3031063079833984,
      3.2669222354888916,
      3.337022542953491,
      3.2797114849090576,
      3.229844093322754,
      3.356646776199341,
      3.661332130432129,
      2.7024192810058594,
      1.7497154474258423,
      1.7190704345703125,
      3.2649974822998047,
      2.9740447998046875,
      3.23024845123291,
      3.279325246810913,
      3.3478786945343018,
      3.505794048309326,
      3.9236068725585938,
      4.092765808105469,
      4.214047431945801,
      4.566440582275391,
      4.861272811889648,
      5.120056629180908,
      5.721329689025879,
      6.96673059463501,
      7.6280412673950195,
      6.994832992553711,
      5.177134990692139,
      4.192962646484375,
      3.8337793350219727,
      3.5446712970733643,
      3.2380709648132324,
      3.0417449474334717,
      2.8284852504730225,
      2.6594247817993164,
      2.738795280456543,
      2.7875571250915527,
      3.2007274627685547,
      2.758363723754883,
      1.8981751203536987,
      2.263338565826416,
      3.990614175796509,
      3.7318074703216553,
      4.269688606262207,
      4.4858012199401855,
      4.628068923950195,
      4.85151481628418,
      5.049488544464111,
      5.279371738433838,
      5.450450420379639,
      5.7476348876953125,
      6.1666460037231445,
      6.999220371246338,
      8.206271171569824,
      10.107329368591309,
      11.535125732421875,
      11.3887300491333,
      10.926194190979004,
      10.271820068359375,
      9.662306785583496,
      9.281773567199707,
      9.245064735412598,
      8.937847137451172,
      8.459071159362793,
      8.11003303527832,
      7.881289005279541,
      7.683189868927002,
      8.29034423828125,
      5.882297992706299,
      3.868462324142456,
      3.666140556335449,
      6.952375888824463,
      5.918547630310059,
      6.582309246063232,
      6.624208450317383,
      6.519790172576904,
      6.549526214599609,
      6.515902996063232,
      6.669619560241699,
      6.770219326019287,
      6.764976978302002,
      6.938986301422119,
      7.040087699890137,
      7.159792900085449,
      7.5108184814453125,
      7.617162704467773,
      7.6513285636901855,
      7.837268829345703,
      8.009926795959473,
      8.081464767456055,
      8.332096099853516,
      8.476301193237305,
      8.585198402404785,
      9.058624267578125,
      9.208897590637207,
      9.279722213745117,
      9.53481674194336,
      10.912511825561523,
      8.419167518615723,
      5.223025321960449
    ]
  },
  "vary_num_samples_4": {
    "score": 94.04517364501953,