{
  "vary_num_samples_16": {
    "score": 94.36840057373047,
    "per_frame_errors": [
      18.381900787353516,
      35.04234313964844,
      23.192527770996094,
      19.73846435546875,
      16.311805725097656,
      13.741972923278809,
      12.08880615234375,
      10.682100296020508,
      9.383479118347168,
      8.522015571594238,
      7.733002662658691,
      6.84354829788208,
      6.199289321899414,
      5.4756646156311035,
      4.796872138977051,
      4.183420181274414,
      3.9312241077423096,
      3.832045316696167,
      3.6496636867523193,
      3.568408727645874,
      3.493025541305542,
      3.4354803562164307,
      3.723809242248535,
      3.73772931098938,
      3.580472946166992,
      3.508253812789917,
      3.397688150405884,
      3.7383930683135986,
      3.2395308017730713,
      2.3706672191619873,
      2.7094078063964844,
      3.852830648422241,
      3.4553987979888916,
      3.848968982696533,
      3.73020601272583,
      3.6607038974761963,
      3.5186209678649902,
      3.400076389312744,
      3.513779878616333,
      3.5526585578918457,
      3.287879705429077,
      3.278550863265991,
      3.3103442192077637,
      3.255876064300537,
      3.4201321601867676,
      3.506852626800537,
      3.5934245586395264,
      3.8591036796569824,
      4.156717777252197,
      4.445779323577881,
      4.534698963165283,
      4.89333438873291,
      5.226809978485107,
      5.487398147583008,
      6.110377311706543,
      6.572787284851074,
      6.813117027282715,
      7.966775894165039,
      7.024418354034424,
      4.821774959564209,
      5.105560302734375,
      10.276473999023438,
      9.241803169250488,
      9.57740592956543,
      9.797536849975586,
      8.904117584228516,
      7.324363708496094,
      5.423388481140137,
      4.007565975189209,
      3.441314458847046,
      3.4368817806243896,
      3.4821689128875732,
      3.4232311248779297,
      3.3238701820373535,
      3.111067295074463,
      3.069059133529663,
      3.2685060501098633,
      3.412454843521118,
      3.3713855743408203,
      3.2239184379577637,
      3.1087656021118164,
      3.0158493518829346,
      2.6895580291748047,
      2.5101523399353027,
      2.4783430099487305,
      2.5313127040863037,
      2.5860140323638916,
      2.851393222808838,
      2.219627618789673,
      1.3782203197479248,
      1.899803638458252,
      3.481765031814575,
      3.067843437194824,
      3.478041887283325,
      3.384875774383545,
      3.084066867828369,
      3.056551218032837,
      3.2619500160217285,
      3.3917322158813477,
      3.3493258953094482,
      3.1626553535461426,
      3.1020100116729736,
      3.3830513954162598,
      4.0263872146606445,
      5.9922099113464355,
      8.132314682006836,
      8.781269073486328,
      8.601683616638184,
      8.547484397888184,
      8.457855224609375,
      7.493135452270508,
      6.431741714477539,
      5.786144733428955,
      5.606606960296631,
      5.412532329559326,
      5.457904815673828,
      5.404292106628418,
      5.58985710144043,
      4.577419281005859,
      3.1126081943511963,
      2.8977103233337402,
      5.293185710906982,
      4.625729560852051,
      4.869040012359619,
      4.988276481628418,
      4.993325233459473,
      4.900371551513672,
      4.887671947479248,
      4.963411331176758,
      5.073265075683594,
      5.088444709777832,
      5.198756694793701,
      5.326597213745117,
      5.440610885620117,
      5.788452625274658,
      6.003563404083252,
      5.981270790100098,
      6.1337127685546875,
      6.344247341156006,
      6.459591865539551,
      6.70165491104126,
      6.829849720001221,
      6.942326068878174,
      7.173588275909424,
      7.579812049865723,
      8.033663749694824,
      8.499703407287598,
      10.113900184631348,
      9.015748023986816,
      6.153744220733643
    ]
  },
  "vary_num_samples_32": {
    "score": 94.53921508789062,
    "per_frame_errors": [
      14.38045883178711,
      28.827289581298828,
      18.67058753967285,
      15.49532413482666,
      12.16843318939209,
      9.945612907409668,
      8.616884231567383,
      7.38585090637207,
      6.185455322265625,
      5.4552903175354,
      4.900976657867432,
      4.36151123046875,
      4.284327030181885,
      4.0203704833984375,
      3.7426371574401855,
      3.637019634246826,
      3.5270814895629883,
      3.317370891571045,
      3.3614578247070312,
      3.335592031478882,
      3.293339967727661,
      3.5184597969055176,
      3.578336238861084,
      3.612043857574463,
      3.966350555419922,
      3.9938695430755615,
      3.7084386348724365,
      4.147866725921631,
      3.7002434730529785,
      2.6321985721588135,
      3.456433057785034,
      4.610538959503174,
      4.061087131500244,
      4.4411468505859375,
      4.299635410308838,
      4.207337856292725,
      4.049459457397461,
      3.9075284004211426,
      3.9851319789886475,
      3.9973607063293457,
      3.732112169265747,
      3.7201831340789795,
      3.755216360092163,
      3.703415632247925,
      3.872607469558716,
      3.9825236797332764,
      4.150976181030273,
      4.665156841278076,
      4.958366870880127,
      4.939969539642334,
      5.128587245941162,
      5.423505783081055,
      5.644050121307373,
      6.154441833496094,
      6.341529369354248,
      6.704347133636475,
      7.521721839904785,
      8.582355499267578,
      7.311343193054199,
      5.161680221557617,
      5.515685558319092,
      10.713492393493652,
      9.674126625061035,
      9.967521667480469,
      10.24940299987793,
      9.381959915161133,
      7.739012718200684,
      5.75011682510376,
      4.296228885650635,
      3.6817736625671387,
      3.6592538356781006,
      3.6695194244384766,
      3.5684919357299805,
      3.4295244216918945,
      3.173513650894165,
      3.0957484245300293,
      3.2753829956054688,
      3.3974127769470215,
      3.373263120651245,
      3.322171688079834,
      3.205744981765747,
      2.9839351177215576,
      2.65181827545166,
      2.472588300704956,
      2.4548189640045166,
      2.5278844833374023,
      2.523468017578125,
      2.8383917808532715,
      2.241816520690918,
      1.4064596891403198,
      1.7889344692230225,
      3.4420878887176514,
      3.062417507171631,
      3.4827263355255127,
      3.451111078262329,
      3.1459991931915283,
      3.079857587814331,
      3.2639200687408447,
      3.3950347900390625,
      3.3568525314331055,
      3.1738433837890625,
      3.1181085109710693,
      3.412055253982544,
      4.066365718841553,
      6.034584999084473,
      8.194244384765625,
      8.842750549316406,
      8.664918899536133,
      8.613973617553711,
      8.51976490020752,
      7.602014541625977,
      6.843730449676514,
      6.160599231719971,
      5.656781196594238,
      5.586598873138428,
      5.486898899078369,
      5.357282638549805,
      5.728264331817627,
      4.385726451873779,
      2.9036858081817627,
      3.0268707275390625,
      5.414454460144043,
      4.559123516082764,
      4.916499137878418,
      5.025620937347412,
      5.024572372436523,
      5.0841064453125,
      5.033604621887207,
      5.0656280517578125,
      5.132009506225586,
      5.124295234680176,
      5.237544059753418,
      5.354640483856201,
      5.469170570373535,
      5.8193745613098145,
      6.034329414367676,
      6.009842872619629,
      6.165857315063477,
      6.373932361602783,
      6.48699426651001,
      6.729617118835449,
      6.86259126663208,
      7.05466365814209,
      7.533210277557373,
      7.936666965484619,
      8.146610260009766,
      8.741277694702148,
      10.20324993133545,
      8.990193367004395,
      6.259416103363037
    ]
  },
  "vary_num_samples_4": {
    "score": 94.419921875,