{
  "vary_filter_size_0.1": 55.29731750488281,
  "vary_filter_size_0.25": 55.29301834106445,
  "vary_filter_size_0.5": 55.30134201049805,
  "vary_filter_size_0.7": 55.29490280151367,
  "vary_filter_size_0.9": 55.299556732177734,
  "vary_filter_size_0.95": 55.29866027832031,
  "vary_filter_size_1.0": 55.293819427490234
}