{
  "vary_hist_percent_100": 55.29252624511719,
  "vary_hist_percent_125": 55.86359405517578,
  "vary_hist_percent_150": 56.4453010559082,
  "vary_hist_percent_200": 57.109352111816406,
  "vary_hist_percent_50": 55.295101165771484,
  "vary_hist_percent_75": 55.291954040527344
}