{
  "vary_alpha_weight_0.01": 53.711891174316406,
  "vary_alpha_weight_0.02": 54.29848098754883,
  "vary_alpha_weight_0.04": 55.30088424682617,
  "vary_alpha_weight_0.06": 55.99948501586914,
  "vary_alpha_weight_0.1": 56.90017318725586,
  "vary_alpha_weight_0.2": 57.948143005371094,
  "vary_alpha_weight_0.5": 58.82521057128906,
  "vary_alpha_weight_1.0": 58.95653533935547
}