{
  "vary_num_samples_16": {
    "score": 95.50746154785156,
    "per_frame_errors": [
      9.861753463745117,
      17.675941467285156,
      13.592657089233398,
      12.02592658996582,
      10.2510404586792,
      8.694334030151367,
      7.378236770629883,
      6.324507713317871,
      5.425156116485596,
      4.698520183563232,
      4.111723899841309,
      3.6276330947875977,
      3.2435498237609863,
      2.935544013977051,
      2.6864101886749268,
      2.471846580505371,
      2.3030548095703125,
      2.152578115463257,
      2.036878824234009,
      1.9337068796157837,
      1.8375569581985474,
      1.759615421295166,
      1.7070633172988892,
      1.6596537828445435,
      1.6139425039291382,
      1.5699446201324463,
      1.5052998065948486,
      1.547312617301941,
      1.2600692510604858,
      0.8542262315750122,
      0.897040069103241,
      1.6006314754486084,
      1.3914686441421509,
      1.5064120292663574,
      1.5132685899734497,
      1.5073968172073364,
      1.4869089126586914,
      1.4711843729019165,
      1.477155327796936,
      1.4686157703399658,
      1.4476810693740845,
      1.4477850198745728,
      1.4454280138015747,
      1.4659329652786255,
      1.4936786890029907,
      1.5278466939926147,
      1.5598872900009155,
      1.5918309688568115,
      1.6237311363220215,
      1.6455744504928589,
      1.706512212753296,
      1.7853306531906128,
      1.82522451877594,
      1.8638921976089478,
      1.9020450115203857,
      1.9572794437408447,
      1.979551076889038,
      2.171274185180664,
      2.317228317260742,
      2.316664695739746,
      3.204214334487915,
      2.686872720718384,
      2.5880038738250732,
      2.8308022022247314,
      3.0241141319274902,
      3.175344705581665,
      3.3605897426605225,
      3.537959337234497,
      3.674441337585449,
      3.88134503364563,
      4.105381965637207,
      4.247188568115234,
      4.389937400817871,
      4.57064151763916,
      4.703432559967041,
      4.852387428283691,
      5.05022668838501,
      5.187039852142334,
      5.3755879402160645,
      5.44175386428833,
      5.560495853424072,
      5.572420597076416,
      5.601944446563721,
      5.598243236541748,
      5.55699348449707,
      5.556013584136963,
      5.4843268394470215,
      5.657453536987305,
      7.651198387145996,
      7.2732744216918945,
      9.156167030334473,
      5.670578479766846,
      5.210844039916992,
      5.446217060089111,
      5.58257532119751,
      5.6282219886779785,
      5.718472480773926,
      5.708988189697266,
      5.737471103668213,
      5.7242913246154785,
      5.703780174255371,
      5.720840930938721,
      5.780984401702881,
      5.810121536254883,
      5.8270416259765625,
      5.929452419281006,
      6.053868770599365,
      6.199724197387695,
      6.312259674072266,
      6.362192630767822,
      6.446457386016846,
      6.4513726234436035,
      6.469615459442139,
      6.450207710266113,
      6.455998420715332,
      6.416839599609375,
      6.296665668487549,
      6.657924652099609,
      10.730338096618652,
      8.740457534790039,
      10.689422607421875,
      6.425257205963135,
      5.675527095794678,
      5.746049880981445,
      5.66705322265625,
      5.510894298553467,
      5.399783611297607,
      5.259847164154053,
      5.142977714538574,
      5.0276689529418945,
      4.956849098205566,
      4.864034652709961,
      4.76684045791626,
      4.741396427154541,
      4.719200611114502,
      4.676056861877441,
      4.6490702629089355,
      4.650620460510254,
      4.641390323638916,
      4.647189140319824,
      4.6693315505981445,
      4.668355464935303,
      4.657630443572998,
      4.654586315155029,
      4.6740641593933105,
      4.722965717315674,
      4.6770219802856445,
      4.982141494750977,
      6.185331344604492,
      4.192076683044434
    ]
  },
  "vary_num_samples_32": {
    "score": 95.56375885009766,
    "per_frame_errors": [
      9.009554862976074,
      16.329381942749023,
      12.580397605895996,
      11.203962326049805,
      9.574780464172363,
      8.162457466125488,
      6.977275371551514,
      6.000330448150635,
      5.1468095779418945,
      4.4719767570495605,
      3.9148764610290527,
      3.4549012184143066,
      3.097155809402466,
      2.8090462684631348,
      2.5813486576080322,
      2.397890567779541,
      2.2498393058776855,
      2.0979409217834473,
      1.9876221418380737,
      1.8864085674285889,
      1.7979652881622314,
      1.7421969175338745,
      1.6883020401000977,
      1.6376519203186035,
      1.6174424886703491,
      1.566080093383789,
      1.4750795364379883,
      1.515626311302185,
      1.2339428663253784,
      0.8244357109069824,
      0.884827733039856,
      1.5780670642852783,
      1.3763848543167114,
      1.491188406944275,
      1.5009222030639648,
      1.4987424612045288,
      1.478781819343567,
      1.4643981456756592,
      1.4733105897903442,
      1.4666359424591064,
      1.445265531539917,
      1.4448974132537842,
      1.441771388053894,
      1.4622201919555664,
      1.4892890453338623,
      1.5219403505325317,
      1.5530853271484375,
      1.598917841911316,
      1.6322270631790161,
      1.6589255332946777,
      1.715885043144226,
      1.7757710218429565,
      1.832046389579773,
      1.8685683012008667,
      1.8987181186676025,
      1.9655207395553589,
      2.0053794384002686,
      2.1755287647247314,
      2.315107822418213,
      2.2941203117370605,
      3.159344434738159,
      2.6479809284210205,
      2.560655355453491,
      2.810821771621704,
      3.0075602531433105,
      3.161174774169922,
      3.3457436561584473,
      3.525634527206421,
      3.662379026412964,
      3.8721041679382324,
      4.098817348480225,
      4.240686416625977,
      4.383261203765869,
      4.562830924987793,
      4.696971893310547,
      4.845265865325928,
      5.0431809425354,
      5.17865514755249,
      5.366264820098877,
      5.469191074371338,
      5.539776802062988,
      5.570335865020752,
      5.624938488006592,
      5.579128265380859,
      5.6083879470825195,
      5.604891300201416,
      5.486061096191406,
      5.680732250213623,
      7.690807819366455,
      7.265809535980225,
      9.163918495178223,
      5.679830074310303,
      5.173872947692871,
      5.435744285583496,
      5.563830852508545,
      5.61302375793457,
      5.707517623901367,
      5.698546886444092,
      5.726339340209961,
      5.714209079742432,
      5.694385051727295,
      5.715106010437012,
      5.776687145233154,
      5.807058334350586,
      5.823410987854004,
      5.923314094543457,
      6.047327518463135,
      6.1948089599609375,
      6.308047771453857,
      6.354254245758057,
      6.450470924377441,
      6.469277381896973,
      6.446251392364502,
      6.444334506988525,
      6.466785430908203,
      6.403962135314941,
      6.351510524749756,
      6.690454006195068,
      10.720975875854492,
      8.738144874572754,
      10.691359519958496,
      6.405533313751221,
      5.673480033874512,
      5.751305103302002,
      5.636244773864746,
      5.487653732299805,
      5.374166011810303,
      5.237274169921875,
      5.123154640197754,
      5.005041599273682,
      4.934514045715332,
      4.8448805809021,
      4.749754905700684,
      4.7262654304504395,
      4.705739974975586,
      4.66531229019165,
      4.638134956359863,
      4.639791011810303,
      4.630976676940918,
      4.635940074920654,
      4.656763076782227,
      4.658963203430176,
      4.6514668464660645,
      4.645475387573242,
      4.683961868286133,
      4.707318305969238,
      4.6493706703186035,
      4.954251766204834,
      6.16278076171875,
      4.174954414367676
    ]
  },
  "vary_num_samples_4": {
    "score": 95.39128875732422,