{
  "vary_num_samples_16": {
    "score": 74.81330871582031,
    "per_frame_errors": [
      29.487638473510742,
      58.26388168334961,
      52.04925537109375,
      52.366756439208984,
      50.893062591552734,
      49.90887451171875,
      49.246726989746094,
      48.60569381713867,
      47.97016143798828,
      47.539886474609375,
      47.237693786621094,
      46.912261962890625,
      46.71916198730469,
      46.53815841674805,
      46.320556640625,
      46.19051742553711,
      46.06495666503906,
      46.060508728027344,
      45.99235153198242,
      45.92570114135742,
      45.928340911865234,
      45.944053649902344,
      45.995853424072266,
      45.97927474975586,
      45.919822692871094,
      45.96054458618164,
      45.98027801513672,
      48.012977600097656,
      42.687957763671875,
      31.848644256591797,
      24.58930778503418,
      47.25222396850586,
      44.90703201293945,
      46.49174880981445,
      46.467750549316406,
      46.527374267578125,
      46.63297653198242,
      46.78334045410156,
      46.98955535888672,
      47.10271453857422,
      47.17784118652344,
      47.329429626464844,
      47.47368621826172,
      47.51177978515625,
      47.57727813720703,
      47.72291564941406,
      47.777008056640625,
      47.87184143066406,
      47.93441390991211,
      48.05266189575195,
      48.09675598144531,
      48.216670989990234,
      48.29236602783203,
      48.408546447753906,
      48.529266357421875,
      48.686832427978516,
      49.13056945800781,
      43.40346145629883,
      25.175006866455078,
      12.17231559753418,
      8.421599388122559,
      17.32828712463379,
      15.975881576538086,
      16.435983657836914,
      16.1147518157959,
      15.886048316955566,
      15.649778366088867,
      15.43933391571045,
      15.231802940368652,
      15.077766418457031,
      15.01978588104248,
      14.906850814819336,
      14.749135971069336,
      14.707488059997559,
      14.668159484863281,
      14.579609870910645,
      14.562341690063477,
      14.588443756103516,
      14.53335952758789,
      14.524653434753418,
      14.536903381347656,
      14.568268775939941,
      14.53139591217041,
      14.542304039001465,
      14.541361808776855,
      14.567581176757812,
      14.670724868774414,
      15.606325149536133,
      12.343932151794434,
      8.2236967086792,
      7.040536403656006,
      14.321737289428711,
      13.821356773376465,
      14.732877731323242,
      14.75397777557373,
      14.763276100158691,
      14.775461196899414,
      14.830856323242188,
      14.840513229370117,
      14.87951374053955,
      14.892923355102539,
      14.919559478759766,
      15.036767959594727,
      15.038619041442871,
      15.041996002197266,
      15.057567596435547,
      15.13431167602539,
      15.138237953186035,
      15.19655704498291,
      15.305543899536133,
      15.356331825256348,
      15.414405822753906,
      15.490046501159668,
      15.576399803161621,
      15.6150541305542,
      15.681290626525879,
      15.732377052307129,
      16.744665145874023,
      13.529261589050293,
      9.039766311645508,
      7.68458890914917,
      15.547755241394043,
      15.025196075439453,
      15.94279670715332,
      15.96962833404541,
      16.0155029296875,
      15.985149383544922,
      15.987191200256348,
      16.033098220825195,
      16.10642433166504,
      16.13037872314453,
      16.15015411376953,
      16.118017196655273,
      16.15118980407715,
      16.226016998291016,
      16.20140266418457,
      16.165027618408203,
      16.221385955810547,
      16.200916290283203,
      16.190330505371094,
      16.182769775390625,
      16.231250762939453,
      16.196571350097656,
      16.213031768798828,
      16.196712493896484,
      16.267831802368164,
      16.296369552612305,
      17.281879425048828,
      13.980884552001953,
      9.290287017822266,
      7.696346282958984
    ]
  },
  "vary_num_samples_32": {
    "score": 92.90784454345703,
    "per_frame_errors": [
      10.185912132263184,
      23.309633255004883,
      19.05668830871582,
      18.243167877197266,
      16.302967071533203,
      14.882800102233887,
      13.760392189025879,
      12.735760688781738,
      11.86253547668457,
      11.222061157226562,
      10.671945571899414,
      10.110795974731445,
      9.67502498626709,
      9.350876808166504,
      9.034074783325195,
      8.84599781036377,
      8.586897850036621,
      8.356734275817871,
      8.152318000793457,
      7.952337265014648,
      7.744944095611572,
      7.688678741455078,
      7.561909198760986,
      7.466552257537842,
      7.41940450668335,
      7.328613758087158,
      7.238086223602295,
      7.87179708480835,
      5.060065746307373,
      3.1063292026519775,
      2.5380825996398926,
      6.422150135040283,
      6.061220645904541,
      6.72290563583374,
      6.6820502281188965,
      6.6370391845703125,
      6.6029372215271,
      6.592859745025635,
      6.636960983276367,
      6.6155686378479,
      6.5441694259643555,
      6.5709123611450195,
      6.5670166015625,
      6.520444869995117,
      6.488997936248779,
      6.533102035522461,
      6.5318403244018555,
      6.597663879394531,
      6.574579238891602,
      6.548713684082031,
      6.506706714630127,
      6.513223648071289,
      6.447543144226074,
      6.506630897521973,
      6.465685844421387,
      6.501848220825195,
      6.657598972320557,
      7.650408744812012,
      5.215366363525391,
      3.330821990966797,
      2.730210781097412,
      6.927323341369629,
      6.540066719055176,
      7.095133304595947,
      7.072826862335205,
      7.08704137802124,
      7.026773929595947,
      6.992236614227295,
      6.941263198852539,
      6.916784763336182,
      6.977176189422607,
      6.9744744300842285,
      6.882601261138916,
      6.901937484741211,
      6.9124956130981445,
      6.863766193389893,
      6.852736473083496,
      6.890506267547607,
      6.852634906768799,
      6.896876335144043,
      6.90110969543457,
      6.877971649169922,
      6.845049858093262,
      6.814806938171387,
      6.782879829406738,
      6.8254008293151855,
      6.83427095413208,
      7.560305118560791,
      4.855013370513916,
      2.8918654918670654,
      2.4998018741607666,
      6.313126564025879,
      6.100673675537109,
      6.736826419830322,
      6.774458885192871,
      6.732917785644531,
      6.727306842803955,
      6.782219886779785,
      6.7564873695373535,
      6.773547172546387,
      6.749140739440918,
      6.743507385253906,
      6.813357830047607,
      6.79411506652832,
      6.75828218460083,
      6.768238544464111,
      6.805144786834717,
      6.78000020980835,
      6.801630973815918,
      6.856057167053223,
      6.859085559844971,
      6.915830612182617,
      6.8935747146606445,
      6.872781753540039,
      6.881686687469482,
      6.880413055419922,
      6.909131050109863,
      7.680726051330566,
      4.917555809020996,
      2.9203319549560547,
      2.585193395614624,
      6.415587902069092,
      6.154497146606445,
      6.797677040100098,
      6.83257532119751,
      6.872927188873291,
      6.877214431762695,
      6.839924335479736,
      6.845512390136719,
      6.892398357391357,
      6.893633842468262,
      6.8782148361206055,
      6.850558280944824,
      6.875036716461182,
      6.953415393829346,
      6.930769443511963,
      6.87335729598999,
      6.927267074584961,
      6.92106294631958,
      6.910703659057617,
      6.9150919914245605,
      6.976144790649414,
      6.96885347366333,
      7.052544116973877,
      7.023227214813232,
      7.022731781005859,
      7.0732574462890625,
      7.743762493133545,
      5.006574630737305,
      2.9854300022125244,
      2.493380546569824
    ]
  },
  "vary_num_samples_4": {
    "score": 74.67813873291016,