{
  "vary_num_samples_16": {
    "score": 93.28119659423828,
    "per_frame_errors": [
      11.05076789855957,
      26.21254539489746,
      20.714250564575195,
      19.671871185302734,
      17.6092586517334,
      15.885483741760254,
      14.283458709716797,
      12.649836540222168,
      11.181136131286621,
      10.08407211303711,
      9.142577171325684,
      8.326043128967285,
      7.765026569366455,
      7.36804723739624,
      7.079810619354248,
      6.851585865020752,
      6.641357421875,
      6.472537994384766,
      6.308383941650391,
      6.139495372772217,
      5.956241130828857,
      5.851106643676758,
      5.854698657989502,
      5.786683082580566,
      5.634486198425293,
      5.536860466003418,
      5.412881374359131,
      5.611717700958252,
      4.544497489929199,
      3.4954118728637695,
      2.884408950805664,
      5.526248455047607,
      4.890239715576172,
      5.2033610343933105,
      5.182395935058594,
      5.153791427612305,
      5.086359024047852,
      5.024186611175537,
      5.070513725280762,
      5.019579887390137,
      4.804906845092773,
      4.708927154541016,
      4.656472682952881,
      4.6243696212768555,
      4.683412551879883,
      4.685725212097168,
      4.592624187469482,
      4.545901298522949,
      4.498559951782227,
      4.575493335723877,
      4.55189847946167,
      4.5916619300842285,
      4.557961940765381,
      4.654384613037109,
      4.8162713050842285,
      4.801304340362549,
      4.739423751831055,
      5.121857166290283,
      3.892606496810913,
      2.849106788635254,
      2.4185869693756104,
      5.251461982727051,
      4.45729398727417,
      4.640848636627197,
      4.636504650115967,
      4.762742519378662,
      4.77652645111084,
      4.71933126449585,
      4.810242652893066,
      5.045227527618408,
      5.240093231201172,
      5.19148588180542,
      5.023962020874023,
      5.117304801940918,
      5.150432109832764,
      5.017227649688721,
      5.179086208343506,
      5.345348358154297,
      5.241828441619873,
      5.181207656860352,
      5.23082160949707,
      5.374092102050781,
      5.4449944496154785,
      5.505792140960693,
      5.533745765686035,
      5.6882405281066895,
      5.890618324279785,
      6.204273223876953,
      4.5993218421936035,
      3.4444515705108643,
      2.846632719039917,
      5.900436878204346,
      5.283609867095947,
      5.610721111297607,
      5.487468242645264,
      5.411181449890137,
      5.465626239776611,
      5.599903106689453,
      5.630011081695557,
      5.702216148376465,
      5.696474075317383,
      5.667842388153076,
      5.831735134124756,
      5.886518955230713,
      5.779350757598877,
      5.768712043762207,
      5.735243797302246,
      5.7462568283081055,
      5.862456798553467,
      5.96437406539917,
      5.929993629455566,
      5.926122188568115,
      5.972383499145508,
      6.031599044799805,
      6.026124477386475,
      6.0882039070129395,
      6.167512893676758,
      6.651488780975342,
      5.559784889221191,
      3.8972537517547607,
      3.138686418533325,
      6.928066730499268,
      6.1966071128845215,
      6.567742824554443,
      6.659223556518555,
      6.749187469482422,
      6.781382083892822,
      6.6988749504089355,
      6.752493381500244,
      7.021884441375732,
      7.305630683898926,
      7.668057918548584,
      8.029544830322266,
      8.475085258483887,
      9.144887924194336,
      9.652643203735352,
      9.895585060119629,
      10.347341537475586,
      10.754470825195312,
      10.944326400756836,
      10.916824340820312,
      11.093833923339844,
      11.31946086883545,
      11.359572410583496,
      11.367884635925293,
      11.536195755004883,
      11.709554672241211,
      12.509202003479004,
      9.583316802978516,
      6.346620559692383
    ]
  },
  "vary_num_samples_32": {
    "score": 93.09330749511719,
    "per_frame_errors": [
      10.483878135681152,
      25.195270538330078,
      19.870887756347656,
      19.063068389892578,
      17.2197265625,
      15.639371871948242,
      14.141250610351562,
      12.555731773376465,
      11.135431289672852,
      10.112930297851562,
      9.206145286560059,
      8.43917179107666,
      7.930734634399414,
      7.566986560821533,
      7.34466028213501,
      7.227715969085693,
      7.046533107757568,
      6.814175128936768,
      6.691498279571533,
      6.517345428466797,
      6.321249485015869,
      6.287500858306885,
      6.199777603149414,
      6.122588157653809,
      6.098346710205078,
      5.926751136779785,
      5.7212934494018555,
      5.9880828857421875,
      4.903048515319824,
      3.8034608364105225,
      3.2014782428741455,
      6.057598114013672,
      5.3594865798950195,
      5.672183513641357,
      5.62606954574585,
      5.569380283355713,
      5.46143913269043,
      5.359520435333252,
      5.364867687225342,
      5.279625415802002,
      5.037662029266357,
      4.925147533416748,
      4.854770183563232,
      4.8062615394592285,
      4.854560375213623,
      4.845355987548828,
      4.78939962387085,
      4.870788097381592,
      4.813146114349365,
      4.732127666473389,
      4.7074503898620605,
      4.697803497314453,
      4.667071342468262,
      4.824492454528809,
      4.806818962097168,
      4.793347358703613,
      4.961312770843506,
      5.329111576080322,
      3.9579555988311768,
      2.9188919067382812,
      2.461669683456421,
      5.323307037353516,
      4.602436542510986,
      4.806507587432861,
      4.784428596496582,
      4.884230136871338,
      4.877573490142822,
      4.822144985198975,
      4.910178184509277,
      5.138123035430908,
      5.3372483253479,
      5.287250518798828,
      5.11754035949707,
      5.210646152496338,
      5.244394302368164,
      5.111299514770508,
      5.274938106536865,
      5.44887638092041,
      5.40898323059082,
      5.494551658630371,
      5.53326940536499,
      5.5370049476623535,
      5.621099472045898,
      5.605168342590332,
      5.64066743850708,
      5.892429828643799,
      5.878870487213135,
      6.192604064941406,
      4.832492351531982,
      3.646381139755249,
      2.858025312423706,
      6.076874732971191,
      5.395522594451904,
      5.752063274383545,
      5.7949371337890625,
      5.698950290679932,
      5.7248382568359375,
      5.820942401885986,
      5.822932720184326,
      5.88679313659668,
      5.874650001525879,
      5.840497970581055,
      6.005554676055908,
      6.053247928619385,
      5.934069633483887,
      5.926790237426758,
      5.8903961181640625,
      5.9011993408203125,
      6.018601894378662,
      6.127048492431641,
      6.1444830894470215,
      6.335566520690918,
      6.389787197113037,
      6.311133861541748,
      6.354450225830078,
      6.317256450653076,
      6.354039192199707,
      6.975559234619141,
      5.622348785400391,
      3.877694845199585,
      3.324871063232422,
      7.296690940856934,
      6.42207670211792,
      6.837245941162109,
      6.900965213775635,
      7.0235676765441895,
      7.213841915130615,
      7.092081069946289,
      7.083297252655029,
      7.310146808624268,
      7.5625410079956055,
      7.9150543212890625,
      8.26513957977295,
      8.706439971923828,
      9.379707336425781,
      9.889588356018066,
      10.126418113708496,
      10.587442398071289,
      10.98715591430664,
      11.159262657165527,
      11.12535285949707,
      11.301033020019531,
      11.565702438354492,
      11.726305961608887,
      11.824344635009766,
      12.02340316772461,
      12.098756790161133,
      12.947205543518066,
      9.956236839294434,
      6.619377136230469
    ]
  },
  "vary_num_samples_4": {
    "score": 93.13504791259766,