{
  "vary_num_samples_TAA_16": {
    "score": 92.71582794189453,
    "per_frame_errors": [
      6.893284797668457,
      13.982556343078613,
      10.527905464172363,
      10.731685638427734,
      10.117584228515625,
      9.532941818237305,
      9.11385440826416,
      8.528867721557617,
      7.695233345031738,
      7.067960262298584,
      6.520583629608154,
      6.026079177856445,
      5.72812032699585,
      5.597211837768555,
      5.614070892333984,
      5.597121715545654,
      5.627373695373535,
      5.595390319824219,
      5.563461780548096,
      5.513909339904785,
      5.471139907836914,
      5.408328056335449,
      5.3282151222229,
      5.1899542808532715,
      5.103143215179443,
      5.011384963989258,
      4.969183921813965,
      5.249281406402588,
      4.324028968811035,
      2.930459499359131,
      2.6379575729370117,
      5.296023368835449,
      4.844451904296875,
      5.200311660766602,
      5.333842754364014,
      5.411162853240967,
      5.458227634429932,
      5.511784553527832,
      5.5872344970703125,
      5.678483963012695,
      5.755329132080078,
      5.832730770111084,
      5.93126916885376,
      6.003993034362793,
      6.036981105804443,
      6.072591781616211,
      6.172638416290283,
      6.269716739654541,
      6.359482288360596,
      6.494240760803223,
      6.568146705627441,
      6.688530921936035,
      6.7435503005981445,
      6.848222255706787,
      6.9489288330078125,
      7.041945934295654,
      7.153685092926025,
      7.774209976196289,
      5.989835739135742,
      4.129120349884033,
      4.003511428833008,
      7.669042587280273,
      6.854319095611572,
      7.253942966461182,
      7.345312595367432,
      7.429584980010986,
      7.462264060974121,
      7.448212623596191,
      7.565898418426514,
      7.613988399505615,
      7.743988990783691,
      7.772902965545654,
      7.845109939575195,
      7.896571636199951,
      7.946823596954346,
      7.9871826171875,
      8.140298843383789,
      8.152703285217285,
      8.1749906539917,
      8.281041145324707,
      8.330937385559082,
      8.440945625305176,
      8.517473220825195,
      8.604758262634277,
      8.661993980407715,
      8.686056137084961,
      8.71347427368164,
      9.380109786987305,
      7.191812992095947,
      4.995598793029785,
      4.732899188995361,
      8.893866539001465,
      7.9325056076049805,
      8.191364288330078,
      8.119561195373535,
      8.050904273986816,
      8.029755592346191,
      7.970674991607666,
      7.977222919464111,
      7.920619010925293,
      7.834880828857422,
      7.66441535949707,
      7.5605788230896,
      7.489683628082275,
      7.357362747192383,
      7.223701477050781,
      7.0915303230285645,
      7.025055408477783,
      6.994980335235596,
      6.991235733032227,
      6.896093845367432,
      6.853170394897461,
      6.830878734588623,
      6.819955825805664,
      6.822805881500244,
      6.818599700927734,
      6.929633617401123,
      7.377150058746338,
      6.182704925537109,
      4.338042736053467,
      3.695723533630371,
      7.776340484619141,
      6.896962642669678,
      7.31641149520874,
      7.250148296356201,
      7.19565486907959,
      7.1296796798706055,
      7.0792951583862305,
      7.03916597366333,
      7.214911460876465,
      7.553999900817871,
      8.011736869812012,
      8.442848205566406,
      8.975641250610352,
      9.607873916625977,
      9.997420310974121,
      10.127318382263184,
      10.367568969726562,
      10.814123153686523,
      10.903356552124023,
      10.703052520751953,
      10.510871887207031,
      10.440692901611328,
      10.524434089660645,
      10.690566062927246,
      10.892404556274414,
      10.9612398147583,
      11.809600830078125,
      9.269582748413086,
      6.059867858886719
    ]
  },
  "vary_num_samples_TAA_32": {
    "score": 92.83721160888672,
    "per_frame_errors": [
      6.125027179718018,
      12.663129806518555,
      10.420827865600586,
      10.542874336242676,
      9.797733306884766,
      9.150480270385742,
      8.729692459106445,
      8.114104270935059,
      7.308326244354248,
      6.7459001541137695,
      6.256933212280273,
      5.783509731292725,
      5.479287624359131,
      5.325573921203613,
      5.340002059936523,
      5.311502933502197,
      5.339746475219727,
      5.331361770629883,
      5.301241874694824,
      5.246948719024658,
      5.1971893310546875,
      5.162384510040283,
      5.1022210121154785,
      4.986691951751709,
      4.92785120010376,
      4.886387348175049,
      4.859781742095947,
      5.138857364654541,
      4.227346897125244,
      2.87460994720459,
      2.617309331893921,
      5.244504451751709,
      4.825283050537109,
      5.205266952514648,
      5.328148365020752,
      5.392945289611816,
      5.45160436630249,
      5.511763572692871,
      5.596169471740723,
      5.687571048736572,
      5.77434778213501,
      5.868001461029053,
      5.9708709716796875,
      6.0445098876953125,
      6.085008144378662,
      6.141950607299805,
      6.22786808013916,
      6.333871364593506,
      6.425050258636475,
      6.5673956871032715,
      6.633780479431152,
      6.757957935333252,
      6.809831142425537,
      6.921962738037109,
      7.024853229522705,
      7.124539852142334,
      7.216582298278809,
      7.866244792938232,
      6.103286266326904,
      4.14865779876709,
      4.060445308685303,
      7.780146598815918,
      6.941004276275635,
      7.345807075500488,
      7.449393272399902,
      7.557004928588867,
      7.574064254760742,
      7.557624340057373,
      7.679112434387207,
      7.709512710571289,
      7.83461332321167,
      7.866115093231201,
      7.950640678405762,
      7.986053466796875,
      8.019049644470215,
      8.058354377746582,
      8.208288192749023,
      8.227707862854004,
      8.243337631225586,
      8.342366218566895,
      8.386759757995605,
      8.499835014343262,
      8.582226753234863,
      8.681017875671387,
      8.706466674804688,
      8.724007606506348,
      8.740032196044922,
      9.409489631652832,
      7.20557975769043,
      4.9570417404174805,
      4.7137532234191895,
      8.809430122375488,
      7.897716999053955,
      8.123934745788574,
      8.059260368347168,
      7.981655120849609,
      7.95620584487915,
      7.888762950897217,
      7.894826889038086,
      7.842336177825928,
      7.7219462394714355,
      7.547688961029053,
      7.435123443603516,
      7.3476176261901855,
      7.2273664474487305,
      7.096859931945801,
      6.93232536315918,
      6.841032981872559,
      6.784152030944824,
      6.769891738891602,
      6.681732654571533,
      6.637143611907959,
      6.624159812927246,
      6.634990692138672,
      6.673996925354004,
      6.660252571105957,
      6.743880271911621,
      7.169236660003662,
      5.999353408813477,
      4.18999719619751,
      3.567702531814575,
      7.517956256866455,
      6.680471420288086,
      7.088512420654297,
      7.0357866287231445,
      7.004321575164795,
      6.965569972991943,
      6.918170928955078,
      6.851380825042725,
      7.031439304351807,
      7.381596088409424,
      7.828208923339844,
      8.214229583740234,
      8.626595497131348,
      9.156325340270996,
      9.456451416015625,
      9.591874122619629,
      9.858394622802734,
      10.32318115234375,
      10.497785568237305,
      10.305882453918457,
      10.122395515441895,
      10.117176055908203,
      10.245170593261719,
      10.422126770019531,
      10.626011848449707,
      10.710423469543457,
      11.54284954071045,
      9.080434799194336,
      5.894981384277344
    ]
  },
  "vary_num_samples_TAA_4": {
    "score": 92.4607162475586,