{
  "vary_num_samples_16": {
    "score": 76.29691314697266,
    "per_frame_errors": [
      13.516976356506348,
      34.771156311035156,
      31.179075241088867,
      32.75882339477539,
      31.907222747802734,
      31.82129669189453,
      31.89318084716797,
      31.92874526977539,
      31.670833587646484,
      31.11623191833496,
      30.490427017211914,
      29.806392669677734,
      29.48519515991211,
      28.921649932861328,
      28.279525756835938,
      28.299684524536133,
      28.9290828704834,
      28.315717697143555,
      28.069555282592773,
      27.79934310913086,
      27.008485794067383,
      27.41721534729004,
      27.83533477783203,
      27.934133529663086,
      27.93866539001465,
      27.0897274017334,
      27.01375389099121,
      27.659082412719727,
      21.168865203857422,
      14.21354866027832,
      11.674361228942871,
      26.209354400634766,
      23.395463943481445,
      24.775142669677734,
      24.42572784423828,
      24.0450439453125,
      23.51824378967285,
      23.796316146850586,
      24.225984573364258,
      24.723461151123047,
      24.834901809692383,
      24.21289825439453,
      23.92338752746582,
      23.87973976135254,
      23.95359992980957,
      23.99527359008789,
      23.71088218688965,
      23.49153709411621,
      24.651691436767578,
      24.878665924072266,
      25.031436920166016,
      24.7193603515625,
      23.987279891967773,
      23.729204177856445,
      24.059144973754883,
      24.312667846679688,
      24.289220809936523,
      24.221759796142578,
      18.884342193603516,
      12.931203842163086,
      11.344815254211426,
      24.866710662841797,
      21.006195068359375,
      22.193681716918945,
      22.972454071044922,
      22.75934600830078,
      22.73256492614746,
      22.821414947509766,
      22.121816635131836,
      22.1593074798584,
      22.337900161743164,
      22.635385513305664,
      22.885766983032227,
      22.85030174255371,
      22.902183532714844,
      22.83281135559082,
      22.85590934753418,
      22.77021598815918,
      22.319358825683594,
      22.144359588623047,
      22.50689125061035,
      21.611385345458984,
      21.332983016967773,
      21.56766128540039,
      21.122591018676758,
      21.209115982055664,
      21.665081024169922,
      23.44839859008789,
      17.76447868347168,
      11.521049499511719,
      9.713927268981934,
      22.785125732421875,
      19.742345809936523,
      21.3907527923584,
      21.084495544433594,
      20.873554229736328,
      21.211341857910156,
      20.844615936279297,
      20.75341033935547,
      20.758895874023438,
      20.41351890563965,
      20.680540084838867,
      21.276702880859375,
      21.793439865112305,
      21.792800903320312,
      21.401878356933594,
      21.381683349609375,
      21.25800132751465,
      21.72060203552246,
      21.93061637878418,
      21.743967056274414,
      21.78928565979004,
      22.42036247253418,
      22.15472984313965,
      22.21223258972168,
      22.050559997558594,
      21.86846923828125,
      23.15955352783203,
      17.046972274780273,
      11.38546371459961,
      9.934450149536133,
      24.279510498046875,
      21.25761604309082,
      22.908132553100586,
      23.12299919128418,
      23.097043991088867,
      22.94629669189453,
      23.125825881958008,
      24.02361488342285,
      24.331453323364258,
      24.79610824584961,
      25.144977569580078,
      25.37474250793457,
      26.067584991455078,
      26.3818359375,
      26.916189193725586,
      26.97993278503418,
      26.83159065246582,
      26.9641170501709,
      27.07662010192871,
      27.460458755493164,
      27.80857276916504,
      27.916532516479492,
      28.03714942932129,
      28.91094398498535,
      29.0473690032959,
      29.662824630737305,
      30.841135025024414,
      21.77341651916504,
      13.815876960754395
    ]
  },
  "vary_num_samples_32": {
    "score": 76.21829986572266,
    "per_frame_errors": [
      13.501472473144531,
      35.133277893066406,
      31.482519149780273,
      33.129207611083984,
      32.22637939453125,
      32.146366119384766,
      32.248172760009766,
      32.21265411376953,
      31.90556526184082,
      31.289104461669922,
      30.64107322692871,
      29.98563575744629,
      29.613344192504883,
      29.021249771118164,
      28.529483795166016,
      28.620718002319336,
      28.569713592529297,
      28.20081901550293,
      28.23723793029785,
      27.869583129882812,
      27.973031997680664,
      28.23759651184082,
      28.0886287689209,
      27.736164093017578,
      27.60940933227539,
      26.814748764038086,
      26.818553924560547,
      28.200523376464844,
      21.37240982055664,
      13.994754791259766,
      11.552765846252441,
      26.183429718017578,
      23.322755813598633,
      24.73737144470215,
      24.389480590820312,
      24.004436492919922,
      23.479591369628906,
      23.760669708251953,
      24.210830688476562,
      24.693618774414062,
      24.809812545776367,
      24.191131591796875,
      23.908864974975586,
      23.86129379272461,
      23.93189811706543,
      23.996627807617188,
      23.89756965637207,
      23.796754837036133,
      24.281267166137695,
      24.671998977661133,
      25.021350860595703,
      24.73300552368164,
      24.9403076171875,
      24.575641632080078,
      24.320775985717773,
      24.086505889892578,
      23.86983299255371,
      23.927762985229492,
      18.620203018188477,
      13.019904136657715,
      11.394059181213379,
      24.53390884399414,
      20.655738830566406,
      22.004640579223633,
      22.84024429321289,
      22.749576568603516,
      22.748001098632812,
      22.828105926513672,
      22.149633407592773,
      22.17136573791504,
      22.358261108398438,
      22.65236473083496,
      22.906713485717773,
      22.877620697021484,
      22.92731475830078,
      22.85678482055664,
      22.873851776123047,
      22.806095123291016,
      22.480239868164062,
      22.311677932739258,
      22.03333282470703,
      21.425649642944336,
      21.53298568725586,
      21.756851196289062,
      22.08922576904297,
      22.042617797851562,
      21.877025604248047,
      22.912368774414062,
      17.1586856842041,
      11.367837905883789,
      9.502949714660645,
      23.23295021057129,
      19.878503799438477,
      21.137014389038086,
      21.243553161621094,
      20.918163299560547,
      21.139789581298828,
      20.85478973388672,
      20.786989212036133,
      20.788949966430664,
      20.447919845581055,
      20.72022819519043,
      21.31647491455078,
      21.842214584350586,
      21.8381290435791,
      21.426668167114258,
      21.409236907958984,
      21.27533721923828,
      21.730510711669922,
      21.94329833984375,
      22.011157989501953,
      22.590803146362305,
      22.41265869140625,
      22.146188735961914,
      22.326623916625977,
      21.999767303466797,
      22.472837448120117,
      23.744558334350586,
      17.21322250366211,
      11.395203590393066,
      9.728014945983887,
      24.177867889404297,
      21.2156982421875,
      23.254318237304688,
      23.147336959838867,
      22.939207077026367,
      23.104101181030273,
      23.27613067626953,
      24.047584533691406,
      24.373756408691406,
      24.898704528808594,
      25.247098922729492,
      25.460430145263672,
      26.12403106689453,
      26.45969581604004,
      26.991985321044922,
      27.041854858398438,
      26.892372131347656,
      27.021263122558594,
      27.11625862121582,
      27.480649948120117,
      27.831270217895508,
      28.182601928710938,
      28.595741271972656,
      29.019779205322266,
      29.252103805541992,
      29.866212844848633,
      30.887109756469727,
      22.228572845458984,
      14.117197036743164
    ]
  },
  "vary_num_samples_4": {
    "score": 76.39710998535156,