{
  "vary_alpha_weight_0.01": 87.52828979492188,
  "vary_alpha_weight_0.02": 88.24765014648438,
  "vary_alpha_weight_0.04": 89.33257293701172,
  "vary_alpha_weight_0.06": 90.07479858398438,
  "vary_alpha_weight_0.1": 91.045654296875,
  "vary_alpha_weight_0.2": 92.22740173339844,
  "vary_alpha_weight_0.5": 93.37142944335938,
  "vary_alpha_weight_1.0": 93.67134094238281
}