{
  "vary_num_samples_16": {
    "score": 73.06552124023438,
    "per_frame_errors": [
      36.66555404663086,
      55.59389114379883,
      46.0040397644043,
      44.806087493896484,
      42.33543014526367,
      40.46561050415039,
      38.65422439575195,
      36.79573059082031,
      35.6055908203125,
      34.95180892944336,
      34.11436462402344,
      33.138954162597656,
      32.28964614868164,
      31.96355438232422,
      31.261377334594727,
      30.108531951904297,
      30.05422592163086,
      30.006052017211914,
      29.47265625,
      29.026464462280273,
      28.839771270751953,
      28.730905532836914,
      28.034669876098633,
      27.418609619140625,
      27.29881477355957,
      27.638750076293945,
      27.190868377685547,
      28.20833396911621,
      23.182363510131836,
      14.909229278564453,
      12.88261890411377,
      26.909536361694336,
      25.033973693847656,
      26.97528076171875,
      27.027889251708984,
      26.655410766601562,
      26.72066879272461,
      26.852243423461914,
      27.035470962524414,
      26.681961059570312,
      26.45686149597168,
      26.672595977783203,
      26.437057495117188,
      26.140188217163086,
      26.544004440307617,
      26.943071365356445,
      26.716144561767578,
      26.328611373901367,
      26.553600311279297,
      26.534452438354492,
      26.375064849853516,
      25.985313415527344,
      26.022613525390625,
      26.559755325317383,
      26.45258140563965,
      25.85643196105957,
      26.313655853271484,
      28.15599250793457,
      22.110265731811523,
      13.26089859008789,
      12.35238265991211,
      26.759597778320312,
      24.86134910583496,
      26.062335968017578,
      26.19060516357422,
      26.619232177734375,
      26.757169723510742,
      26.3116397857666,
      26.341947555541992,
      26.78933334350586,
      26.528959274291992,
      26.161731719970703,
      26.227434158325195,
      26.518239974975586,
      26.75896644592285,
      26.36351203918457,
      26.116432189941406,
      26.58001136779785,
      26.649810791015625,
      25.986478805541992,
      26.305513381958008,
      26.64152717590332,
      26.684587478637695,
      26.52245330810547,
      26.702747344970703,
      26.89497184753418,
      26.63043785095215,
      27.25877571105957,
      22.303443908691406,
      13.644585609436035,
      12.30632209777832,
      26.34115982055664,
      24.922983169555664,
      26.830690383911133,
      26.495590209960938,
      25.850412368774414,
      26.03131103515625,
      26.334077835083008,
      26.502098083496094,
      26.126220703125,
      26.11151885986328,
      26.36264991760254,
      26.66693687438965,
      26.608449935913086,
      26.38187026977539,
      26.61223602294922,
      26.344282150268555,
      26.109663009643555,
      26.396238327026367,
      26.58483123779297,
      26.545963287353516,
      26.44125747680664,
      26.46498680114746,
      26.540813446044922,
      26.384737014770508,
      26.00009536743164,
      25.948322296142578,
      27.728431701660156,
      22.5803279876709,
      13.289670944213867,
      12.594071388244629,
      27.218395233154297,
      25.216163635253906,
      26.363937377929688,
      26.451730728149414,
      26.621776580810547,
      26.72539520263672,
      26.245811462402344,
      26.286081314086914,
      26.76654815673828,
      26.98369789123535,
      26.546092987060547,
      26.33559226989746,
      26.589519500732422,
      26.714679718017578,
      26.407447814941406,
      26.37382698059082,
      26.62867546081543,
      27.04644775390625,
      26.743255615234375,
      26.3819637298584,
      26.778091430664062,
      26.940017700195312,
      26.402799606323242,
      26.486326217651367,
      26.8348445892334,
      26.790321350097656,
      27.83246421813965,
      22.647966384887695,
      13.887128829956055
    ]
  },
  "vary_num_samples_32": {
    "score": 72.83399200439453,
    "per_frame_errors": [
      43.19948196411133,
      61.27239990234375,
      48.739013671875,
      46.87997817993164,
      43.92799758911133,
      41.81438446044922,
      39.71058654785156,
      37.674705505371094,
      36.37776184082031,
      35.591800689697266,
      34.63297653198242,
      33.60624313354492,
      32.67470169067383,
      32.31578063964844,
      31.568248748779297,
      30.390806198120117,
      30.302898406982422,
      30.236759185791016,
      29.699256896972656,
      29.20220375061035,
      29.009597778320312,
      28.901262283325195,
      28.20250129699707,
      27.591096878051758,
      27.451416015625,
      27.795724868774414,
      27.337854385375977,
      28.35062599182129,
      23.316675186157227,
      15.003792762756348,
      13.039774894714355,
      27.178544998168945,
      25.23004722595215,
      27.005977630615234,
      27.1180362701416,
      26.708755493164062,
      26.598806381225586,
      27.121644973754883,
      27.029111862182617,
      26.207502365112305,
      26.407804489135742,
      26.82305908203125,
      26.637619018554688,
      26.437904357910156,
      26.47591781616211,
      26.93660545349121,
      27.01987648010254,
      26.325212478637695,
      26.26024055480957,
      26.44491958618164,
      26.32481575012207,
      25.97551918029785,
      26.33429527282715,
      26.664806365966797,
      26.54034996032715,
      26.31638526916504,
      26.527320861816406,
      27.849876403808594,
      22.132640838623047,
      13.42048454284668,
      12.18912410736084,
      26.700231552124023,
      24.79898452758789,
      25.9010066986084,
      26.33228874206543,
      26.663652420043945,
      26.501277923583984,
      26.1717472076416,
      26.302995681762695,
      26.669580459594727,
      26.757707595825195,
      26.20840835571289,
      26.21238899230957,
      26.912565231323242,
      26.872291564941406,
      26.292043685913086,
      26.347503662109375,
      26.695741653442383,
      26.717302322387695,
      26.294662475585938,
      26.41425895690918,
      26.667631149291992,
      26.995147705078125,
      26.71440887451172,
      26.607046127319336,
      27.000492095947266,
      26.565385818481445,
      27.20664405822754,
      22.491840362548828,
      13.726326942443848,
      12.339784622192383,
      26.50600814819336,
      25.073360443115234,
      26.758806228637695,
      26.642675399780273,
      26.08479881286621,
      26.243619918823242,
      26.44651222229004,
      26.590295791625977,
      26.230405807495117,
      26.17658233642578,
      26.434886932373047,
      26.766572952270508,
      26.69912338256836,
      26.456867218017578,
      26.7017822265625,
      26.410924911499023,
      26.18752098083496,
      26.452566146850586,
      26.626903533935547,
      26.570457458496094,
      26.482908248901367,
      26.50105857849121,
      26.59001350402832,
      26.4488468170166,
      26.06723403930664,
      26.013673782348633,
      27.78919219970703,
      22.659894943237305,
      13.334390640258789,
      12.686266899108887,
      27.277645111083984,
      25.27525520324707,
      26.415414810180664,
      26.50836753845215,
      26.677278518676758,
      26.769563674926758,
      26.281423568725586,
      26.326507568359375,
      26.807645797729492,
      27.014846801757812,
      26.57734489440918,
      26.38150978088379,
      26.635055541992188,
      26.731903076171875,
      26.442869186401367,
      26.390653610229492,
      26.64551544189453,
      27.038820266723633,
      26.738834381103516,
      26.386133193969727,
      26.811092376708984,
      26.963768005371094,
      26.419631958007812,
      26.51320457458496,
      26.863323211669922,
      26.802080154418945,
      27.835763931274414,
      22.68978500366211,
      13.903546333312988
    ]
  },
  "vary_num_samples_4": {
    "score": 72.91848754882812,