{
  "vary_num_samples_16": {
    "score": 95.13011932373047,
    "per_frame_errors": [
      13.9827241897583,
      24.743000030517578,
      15.524759292602539,
      13.368963241577148,
      11.204353332519531,
      9.562504768371582,
      8.67933464050293,
      7.881145000457764,
      6.964874267578125,
      6.273425102233887,
      5.75687837600708,
      5.33673095703125,
      5.136415481567383,
      4.885322570800781,
      4.6404571533203125,
      4.434452056884766,
      4.309851169586182,
      4.22531270980835,
      4.143187046051025,
      4.149511814117432,
      4.123745441436768,
      4.067211627960205,
      4.154021739959717,
      4.0966291427612305,
      4.168963432312012,
      4.4141411781311035,
      4.592103958129883,
      4.946506500244141,
      4.496862888336182,
      2.986348867416382,
      3.8720524311065674,
      4.986398696899414,
      4.564877510070801,
      4.920515537261963,
      4.894863128662109,
      4.965261459350586,
      4.8172993659973145,
      4.696155071258545,
      4.803834915161133,
      4.665980339050293,
      4.4195237159729,
      4.400148391723633,
      4.428400993347168,
      4.589926719665527,
      5.412620544433594,
      6.5124077796936035,
      7.661774635314941,
      7.756249904632568,
      7.399570941925049,
      7.164638519287109,
      7.12992000579834,
      7.062222957611084,
      7.133557319641113,
      7.417916774749756,
      7.42161226272583,
      6.315382957458496,
      5.1917548179626465,
      4.967748165130615,
      3.478574275970459,
      2.2305245399475098,
      2.101736068725586,
      3.8616631031036377,
      3.0327420234680176,
      3.040980339050293,
      3.0652992725372314,
      3.127808094024658,
      2.9868106842041016,
      2.956308364868164,
      2.8533759117126465,
      2.7176973819732666,
      2.68837833404541,
      2.4719221591949463,
      2.271519660949707,
      2.219973564147949,
      2.168025493621826,
      2.1497445106506348,
      2.2718188762664795,
      2.699253797531128,
      3.356543779373169,
      3.0714340209960938,
      3.0063347816467285,
      3.1509335041046143,
      3.2938730716705322,
      3.4310789108276367,
      3.4899866580963135,
      3.634824514389038,
      3.9131710529327393,
      4.29957914352417,
      3.5561654567718506,
      2.4433460235595703,
      3.1302900314331055,
      4.5819573402404785,
      4.270023822784424,
      4.789192199707031,
      4.969135761260986,
      5.184492588043213,
      5.516161918640137,
      6.187770366668701,
      7.399399280548096,
      8.771095275878906,
      8.938321113586426,
      8.816956520080566,
      8.910265922546387,
      8.869407653808594,
      9.185455322265625,
      9.052433013916016,
      7.571918487548828,
      6.332509517669678,
      5.806010723114014,
      5.397405624389648,
      5.023642539978027,
      4.691667079925537,
      4.433689594268799,
      4.176613807678223,
      4.041401386260986,
      4.002752304077148,
      3.9572012424468994,
      4.125218391418457,
      3.5980539321899414,
      2.523623466491699,
      3.262397050857544,
      4.15426778793335,
      3.6610007286071777,
      3.8403241634368896,
      3.824618101119995,
      3.829685688018799,
      3.7609846591949463,
      3.699751377105713,
      3.696507453918457,
      3.6447675228118896,
      3.6140949726104736,
      3.5309534072875977,
      3.3129210472106934,
      3.128270149230957,
      3.1290180683135986,
      2.9971675872802734,
      2.801377296447754,
      2.599346160888672,
      2.4202120304107666,
      2.322608232498169,
      2.3342137336730957,
      2.365225315093994,
      2.3431599140167236,
      2.4925551414489746,
      2.7554733753204346,
      2.988222360610962,
      3.258246898651123,
      3.712913990020752,
      2.923447847366333,
      1.9600627422332764
    ]
  },
  "vary_num_samples_32": {
    "score": 95.30708312988281,
    "per_frame_errors": [
      14.064604759216309,
      26.29848289489746,
      16.578325271606445,
      14.093814849853516,
      11.33950138092041,
      9.287263870239258,
      8.020487785339355,
      6.894607067108154,
      5.769343376159668,
      4.876012325286865,
      4.216292381286621,
      3.782217502593994,
      3.614542007446289,
      3.419053316116333,
      3.304192066192627,
      3.314040184020996,
      3.1765940189361572,
      3.038458824157715,
      3.038860321044922,
      3.028779983520508,
      3.0040364265441895,
      3.043164014816284,
      2.952188491821289,
      2.959730863571167,
      3.2452940940856934,
      3.433260202407837,
      3.530777931213379,
      3.921060085296631,
      3.400876760482788,
      2.330803632736206,
      3.07289981842041,
      4.181268692016602,
      3.806769371032715,
      4.154104709625244,
      4.155893802642822,
      4.259642601013184,
      4.156013488769531,
      4.094672203063965,
      4.256200790405273,
      4.180416107177734,
      3.985098361968994,
      4.0092668533325195,
      4.073090553283691,
      4.272219657897949,
      5.117199420928955,
      6.213916778564453,
      7.525747776031494,
      7.918724060058594,
      7.548011302947998,
      7.278003692626953,
      7.197391033172607,
      7.139358043670654,
      7.2267351150512695,
      7.543027877807617,
      7.41765832901001,
      6.354476451873779,
      5.513993263244629,
      5.087779998779297,
      3.396850824356079,
      2.2208333015441895,
      2.039421796798706,
      3.8162758350372314,
      3.093177318572998,
      3.0732433795928955,
      3.059485673904419,
      3.098787546157837,
      2.961188793182373,
      2.935453414916992,
      2.836099624633789,
      2.7072038650512695,
      2.6850578784942627,
      2.4808833599090576,
      2.291954755783081,
      2.248324394226074,
      2.205641508102417,
      2.194305419921875,
      2.323498249053955,
      2.6347496509552,
      2.9230847358703613,
      3.071298360824585,
      3.1707396507263184,
      3.2984442710876465,
      3.490786552429199,
      3.5307958126068115,
      3.6125643253326416,
      3.8261876106262207,
      3.9168031215667725,
      4.349457740783691,
      3.8006129264831543,
      2.603884220123291,
      3.1738638877868652,
      4.633391380310059,
      4.301811218261719,
      4.834486961364746,
      5.107815742492676,
      5.3070526123046875,
      5.63770866394043,
      6.2961106300354,
      7.501466751098633,
      8.872901916503906,
      9.033171653747559,
      8.914584159851074,
      9.021056175231934,
      8.97287368774414,
      9.283461570739746,
      9.152325630187988,
      7.663195610046387,
      6.416291236877441,
      5.873183250427246,
      5.4659104347229,
      5.149984359741211,
      4.960113525390625,
      4.605398178100586,
      4.246603012084961,
      4.131616592407227,
      4.0564093589782715,
      4.016543865203857,
      4.236674785614014,
      3.614858627319336,
      2.5219907760620117,
      3.449204683303833,
      4.315464973449707,
      3.746394157409668,
      3.9287021160125732,
      3.8823940753936768,
      3.8819985389709473,
      3.8640623092651367,
      3.797292470932007,
      3.78031587600708,
      3.7085981369018555,
      3.6671254634857178,
      3.576949119567871,
      3.356994390487671,
      3.171006917953491,
      3.1721508502960205,
      3.039877414703369,
      2.837655782699585,
      2.630803346633911,
      2.447298049926758,
      2.3464574813842773,
      2.354207754135132,
      2.3862204551696777,
      2.391669511795044,
      2.6338768005371094,
      2.869466543197632,
      3.0500643253326416,
      3.3205227851867676,
      3.740729570388794,
      2.9280078411102295,
      2.0458858013153076
    ]
  },
  "vary_num_samples_4": {
    "score": 95.1125717163086,