{
  "vary_num_samples_16": {
    "score": 37.95523452758789,
    "per_frame_errors": [
      54.34785461425781,
      85.42399597167969,
      73.41069793701172,
      71.94755554199219,
      70.49065399169922,
      71.37124633789062,
      70.36531829833984,
      68.203369140625,
      67.11288452148438,
      66.45406341552734,
      69.0776138305664,
      68.23187255859375,
      65.39605712890625,
      67.33988952636719,
      67.57328796386719,
      63.57914352416992,
      64.30154418945312,
      65.70386505126953,
      66.25009155273438,
      66.17793273925781,
      66.78097534179688,
      67.4676742553711,
      66.33241271972656,
      64.68620300292969,
      63.82358932495117,
      64.58222961425781,
      65.98336029052734,
      68.41004180908203,
      56.17036056518555,
      37.84564208984375,
      34.228790283203125,
      66.87639617919922,
      60.817604064941406,
      64.13558197021484,
      66.14689636230469,
      63.429466247558594,
      61.940582275390625,
      66.14523315429688,
      66.89508056640625,
      62.953887939453125,
      63.89671325683594,
      65.58073425292969,
      64.76882934570312,
      63.20307159423828,
      62.18605422973633,
      64.76600646972656,
      67.55612182617188,
      67.27508544921875,
      64.03221893310547,
      63.4595947265625,
      64.49903869628906,
      62.290367126464844,
      62.9293098449707,
      65.803955078125,
      64.65081024169922,
      64.48173522949219,
      63.95408630371094,
      68.34871673583984,
      54.781822204589844,
      35.40896224975586,
      30.739749908447266,
      66.02762603759766,
      62.34223175048828,
      62.63753890991211,
      63.843631744384766,
      66.04776763916016,
      64.43408203125,
      63.36539840698242,
      63.28802490234375,
      64.44734191894531,
      64.76958465576172,
      62.29017639160156,
      61.43597412109375,
      64.6559829711914,
      66.04363250732422,
      62.33787536621094,
      61.45491409301758,
      64.35774230957031,
      63.766029357910156,
      62.69056701660156,
      62.842350006103516,
      62.4421272277832,
      64.42096710205078,
      63.831275939941406,
      61.092796325683594,
      62.604801177978516,
      63.27886199951172,
      63.49435806274414,
      51.83161544799805,
      34.58113479614258,
      31.89054298400879,
      64.20777893066406,
      59.97114944458008,
      64.33262634277344,
      64.35041809082031,
      62.50209426879883,
      60.418373107910156,
      61.35868453979492,
      62.35410690307617,
      60.914756774902344,
      63.36177444458008,
      66.21897888183594,
      64.91555786132812,
      62.05903625488281,
      61.812461853027344,
      62.33700180053711,
      62.64906692504883,
      60.97472381591797,
      59.878849029541016,
      63.65625762939453,
      64.96197509765625,
      61.3060188293457,
      61.54391860961914,
      63.56117248535156,
      62.98041534423828,
      61.985130310058594,
      60.79592514038086,
      65.66781616210938,
      54.71533203125,
      35.288543701171875,
      30.142179489135742,
      62.793304443359375,
      59.30756378173828,
      60.10309600830078,
      61.40288162231445,
      63.88025665283203,
      63.55370330810547,
      63.92852020263672,
      64.05789184570312,
      63.49399948120117,
      63.22539520263672,
      61.809391021728516,
      60.41869354248047,
      62.05485534667969,
      63.49052429199219,
      60.855369567871094,
      62.02238845825195,
      64.72797393798828,
      63.59702682495117,
      62.490333557128906,
      62.1275634765625,
      64.00431823730469,
      64.316650390625,
      62.6511344909668,
      61.3501091003418,
      63.77177047729492,
      63.87918472290039,
      64.28162384033203,
      51.45524597167969,
      34.870418548583984
    ]
  },
  "vary_num_samples_32": {
    "score": 38.093536376953125,
    "per_frame_errors": [
      46.787967681884766,
      79.62906646728516,
      70.75574493408203,
      69.98192596435547,
      69.06831359863281,
      70.26960754394531,
      69.54145812988281,
      67.53627014160156,
      66.53775024414062,
      65.97977447509766,
      68.72267150878906,
      67.9339828491211,
      65.03428649902344,
      66.9452896118164,
      67.23643493652344,
      63.308502197265625,
      64.08454895019531,
      65.5313949584961,
      66.08586120605469,
      66.1112289428711,
      66.7106704711914,
      67.37077331542969,
      66.23757934570312,
      64.6048812866211,
      63.79180145263672,
      64.60105895996094,
      66.08042907714844,
      68.42154693603516,
      56.215484619140625,
      37.82360076904297,
      34.252628326416016,
      66.92359161376953,
      60.908287048339844,
      64.22763061523438,
      66.2529067993164,
      63.5314826965332,
      62.08351135253906,
      66.34518432617188,
      67.06519317626953,
      63.06171417236328,
      64.00346374511719,
      65.64447784423828,
      64.8665771484375,
      63.271034240722656,
      62.29051971435547,
      64.8984146118164,
      67.656005859375,
      67.32449340820312,
      64.09139251708984,
      63.56318283081055,
      64.5486831665039,
      62.37810516357422,
      62.99626159667969,
      65.90420532226562,
      64.77223205566406,
      64.58052062988281,
      64.01453399658203,
      68.39225006103516,
      54.86338806152344,
      35.421791076660156,
      30.786279678344727,
      66.14199829101562,
      62.45137405395508,
      62.760093688964844,
      63.98235321044922,
      66.13373565673828,
      64.54287719726562,
      63.466041564941406,
      63.34817123413086,
      64.56085205078125,
      64.94954681396484,
      62.40306854248047,
      61.57884979248047,
      64.72747039794922,
      66.09811401367188,
      62.38896560668945,
      61.50690460205078,
      64.43821716308594,
      63.86597442626953,
      62.81638717651367,
      62.88777542114258,
      62.5994758605957,
      64.54788208007812,
      63.897762298583984,
      61.19059371948242,
      62.71403121948242,
      63.40492630004883,
      63.677345275878906,
      51.96068572998047,
      34.6014289855957,
      31.956077575683594,
      64.30317687988281,
      60.00088119506836,
      64.3416519165039,
      64.37936401367188,
      62.53278732299805,
      60.46993637084961,
      61.40512466430664,
      62.461578369140625,
      60.98968505859375,
      63.419029235839844,
      66.22917175292969,
      64.8690185546875,
      62.05925750732422,
      61.83160400390625,
      62.35853576660156,
      62.65959548950195,
      60.98493576049805,
      59.93190002441406,
      63.68512725830078,
      64.96090698242188,
      61.31611251831055,
      61.577083587646484,
      63.58669662475586,
      63.000179290771484,
      61.96473693847656,
      60.80401611328125,
      65.74298095703125,
      54.7222900390625,
      35.27113342285156,
      30.206388473510742,
      62.80836486816406,
      59.29386901855469,
      60.10601806640625,
      61.353843688964844,
      63.785247802734375,
      63.47068405151367,
      63.90237045288086,
      64.01886749267578,
      63.404998779296875,
      63.137210845947266,
      61.74757385253906,
      60.37236404418945,
      62.03377914428711,
      63.434661865234375,
      60.78293228149414,
      61.96897888183594,
      64.64456939697266,
      63.51890563964844,
      62.39448547363281,
      62.11723327636719,
      63.99342727661133,
      64.25614929199219,
      62.60908126831055,
      61.29419708251953,
      63.712947845458984,
      63.80160903930664,
      64.24585723876953,
      51.41475296020508,
      34.82099151611328
    ]
  },
  "vary_num_samples_4": {
    "score": 37.8560676574707,