{
  "vary_num_samples_16": 55.37553024291992,
  "vary_num_samples_32": 55.23075485229492,
  "vary_num_samples_4": 55.707298278808594,
  "vary_num_samples_64": 55.222965240478516,
  "vary_num_samples_8": 55.29563522338867
}