{
  "vary_num_samples_16": {
    "score": 84.22711181640625,
    "per_frame_errors": [
      35.16337966918945,
      50.90486145019531,
      39.44569396972656,
      37.265384674072266,
      34.085731506347656,
      31.48046112060547,
      29.387678146362305,
      27.678564071655273,
      26.30583381652832,
      25.095521926879883,
      24.062808990478516,
      23.188003540039062,
      22.468162536621094,
      21.665374755859375,
      21.054380416870117,
      20.47243309020996,
      19.820255279541016,
      19.36756134033203,
      18.926240921020508,
      18.5383243560791,
      18.250001907348633,
      17.999691009521484,
      17.626800537109375,
      17.372852325439453,
      17.2099666595459,
      17.140544891357422,
      16.93085289001465,
      17.37864112854004,
      13.890493392944336,
      8.850872993469238,
      7.812608242034912,
      16.11377716064453,
      14.873795509338379,
      15.634674072265625,
      15.605141639709473,
      15.547944068908691,
      15.489747047424316,
      15.323747634887695,
      15.336101531982422,
      15.281643867492676,
      15.338099479675293,
      15.202455520629883,
      15.171599388122559,
      15.125636100769043,
      15.053812980651855,
      15.085326194763184,
      14.963923454284668,
      14.915534973144531,
      14.932320594787598,
      14.932584762573242,
      14.814149856567383,
      14.704946517944336,
      14.746197700500488,
      14.75943374633789,
      14.75350570678711,
      14.735208511352539,
      14.647579193115234,
      15.237247467041016,
      12.229402542114258,
      7.6569318771362305,
      6.6933465003967285,
      14.427226066589355,
      13.651240348815918,
      14.50083065032959,
      14.535835266113281,
      14.471990585327148,
      14.494811058044434,
      14.479763984680176,
      14.49885082244873,
      14.36303997039795,
      14.343067169189453,
      14.40465259552002,
      14.381139755249023,
      14.445923805236816,
      14.419038772583008,
      14.284353256225586,
      14.403587341308594,
      14.426068305969238,
      14.411248207092285,
      14.401214599609375,
      14.406044960021973,
      14.419175148010254,
      14.488171577453613,
      14.46408748626709,
      14.445001602172852,
      14.401025772094727,
      14.519585609436035,
      15.119500160217285,
      12.001309394836426,
      7.575811386108398,
      6.63953971862793,
      14.366387367248535,
      13.606508255004883,
      14.422439575195312,
      14.471829414367676,
      14.419576644897461,
      14.469525337219238,
      14.333452224731445,
      14.36542797088623,
      14.360424041748047,
      14.308311462402344,
      14.361010551452637,
      14.38422679901123,
      14.220751762390137,
      14.322305679321289,
      14.334433555603027,
      14.214532852172852,
      14.108510971069336,
      14.1734619140625,
      14.142106056213379,
      14.145397186279297,
      14.072311401367188,
      14.107004165649414,
      14.058253288269043,
      14.181547164916992,
      14.079822540283203,
      13.908658027648926,
      14.430376052856445,
      11.632491111755371,
      7.484708309173584,
      6.511928558349609,
      13.82851505279541,
      13.216950416564941,
      13.940447807312012,
      14.001177787780762,
      13.803431510925293,
      13.759956359863281,
      13.785218238830566,
      13.779077529907227,
      13.757344245910645,
      13.819620132446289,
      13.710201263427734,
      13.792144775390625,
      13.758772850036621,
      13.678194999694824,
      13.53752613067627,
      13.510538101196289,
      13.594057083129883,
      13.686458587646484,
      13.56773853302002,
      13.538850784301758,
      13.488021850585938,
      13.645949363708496,
      13.6431884765625,
      13.524070739746094,
      13.539125442504883,
      13.551258087158203,
      13.99393081665039,
      11.345767974853516,
      7.569396018981934
    ]
  },
  "vary_num_samples_32": {
    "score": 84.42735290527344,
    "per_frame_errors": [
      28.99189567565918,
      45.083709716796875,
      36.39550018310547,
      34.757198333740234,
      32.051605224609375,
      29.922666549682617,
      28.213821411132812,
      26.70453453063965,
      25.365093231201172,
      24.21571922302246,
      23.422204971313477,
      22.59895896911621,
      21.81147575378418,
      21.15627670288086,
      20.714033126831055,
      20.05459976196289,
      19.570844650268555,
      19.05867576599121,
      18.65589141845703,
      18.437511444091797,
      18.1242618560791,
      17.829185485839844,
      17.54119110107422,
      17.323564529418945,
      17.083423614501953,
      16.99205780029297,
      16.79466438293457,
      17.281940460205078,
      13.864448547363281,
      8.848102569580078,
      7.692171096801758,
      16.020402908325195,
      14.923727035522461,
      15.608367919921875,
      15.531722068786621,
      15.469057083129883,
      15.443076133728027,
      15.381226539611816,
      15.320760726928711,
      15.244098663330078,
      15.313997268676758,
      15.295342445373535,
      15.105623245239258,
      15.023954391479492,
      14.982810974121094,
      14.927597045898438,
      14.91000747680664,
      14.897719383239746,
      14.861170768737793,
      14.895143508911133,
      14.888543128967285,
      14.687232971191406,
      14.730143547058105,
      14.742417335510254,
      14.74754810333252,
      14.807324409484863,
      14.70565414428711,
      15.242969512939453,
      12.176156997680664,
      7.702104568481445,
      6.67308235168457,
      14.369644165039062,
      13.617830276489258,
      14.470550537109375,
      14.498624801635742,
      14.418802261352539,
      14.410582542419434,
      14.441038131713867,
      14.498311996459961,
      14.382835388183594,
      14.407854080200195,
      14.50874137878418,
      14.394283294677734,
      14.408705711364746,
      14.299985885620117,
      14.23770809173584,
      14.423768997192383,
      14.499961853027344,
      14.431821823120117,
      14.405096054077148,
      14.44949722290039,
      14.490269660949707,
      14.50792407989502,
      14.479122161865234,
      14.536884307861328,
      14.519683837890625,
      14.461516380310059,
      15.040984153747559,
      12.18249797821045,
      7.683992385864258,
      6.601553440093994,
      14.298521995544434,
      13.635420799255371,
      14.440508842468262,
      14.513724327087402,
      14.444441795349121,
      14.476386070251465,
      14.477416038513184,
      14.51366901397705,
      14.338287353515625,
      14.353803634643555,
      14.351757049560547,
      14.320405006408691,
      14.347439765930176,
      14.345907211303711,
      14.229893684387207,
      14.313789367675781,
      14.32907485961914,
      14.17365550994873,
      14.140295028686523,
      14.146038055419922,
      14.094817161560059,
      14.189871788024902,
      14.127660751342773,
      14.071146011352539,
      14.095161437988281,
      14.015597343444824,
      14.421838760375977,
      11.612579345703125,
      7.510941028594971,
      6.495627403259277,
      13.757467269897461,
      13.118144035339355,
      13.787836074829102,
      13.951644897460938,
      13.94095516204834,
      13.759378433227539,
      13.759603500366211,
      13.792948722839355,
      13.669567108154297,
      13.781789779663086,
      13.703645706176758,
      13.69418716430664,
      13.744611740112305,
      13.78270149230957,
      13.653475761413574,
      13.575392723083496,
      13.572811126708984,
      13.597359657287598,
      13.569357872009277,
      13.580730438232422,
      13.567806243896484,
      13.560822486877441,
      13.583868026733398,
      13.541910171508789,
      13.657763481140137,
      13.57685375213623,
      13.959799766540527,
      11.340557098388672,
      7.591937065124512
    ]
  },
  "vary_num_samples_4": {
    "score": 84.25823211669922,