{
  "vary_filter_size_0.1": {
    "score": 89.38345336914062,
    "per_frame_errors": [
      20.951133728027344,
      29.40681266784668,
      22.869539260864258,
      21.296485900878906,
      19.17502784729004,
      17.683544158935547,
      16.426963806152344,
      15.431660652160645,
      14.583569526672363,
      13.983613014221191,
      13.311448097229004,
      12.771967887878418,
      12.29035472869873,
      11.999513626098633,
      11.694506645202637,
      11.381674766540527,
      11.07222843170166,
      10.923613548278809,
      10.661849021911621,
      10.496593475341797,
      10.264017105102539,
      10.220219612121582,
      10.090420722961426,
      9.965453147888184,
      9.766736030578613,
      9.739068984985352,
      9.650790214538574,
      9.932908058166504,
      7.927994728088379,
      5.689643859863281,
      4.930021286010742,
      9.395627975463867,
      8.824376106262207,
      9.246939659118652,
      9.1863431930542,
      9.154085159301758,
      9.148063659667969,
      9.198235511779785,
      9.220281600952148,
      9.155044555664062,
      9.136893272399902,
      9.172723770141602,
      9.159838676452637,
      9.11778736114502,
      9.087424278259277,
      9.120258331298828,
      9.115541458129883,
      9.101370811462402,
      9.078065872192383,
      9.125226020812988,
      9.125090599060059,
      9.136180877685547,
      9.11961555480957,
      9.187396049499512,
      9.214004516601562,
      9.176626205444336,
      9.202269554138184,
      9.631133079528809,
      7.807588577270508,
      5.552724838256836,
      4.820228576660156,
      9.952203750610352,
      9.575984001159668,
      9.844268798828125,
      9.750690460205078,
      9.774385452270508,
      9.801053047180176,
      9.798171043395996,
      9.75901985168457,
      9.782102584838867,
      9.80296802520752,
      9.771475791931152,
      9.678385734558105,
      9.68690013885498,
      9.869760513305664
    ]
  },
  "vary_filter_size_0.25": {
    "score": 89.31045532226562,
    "per_frame_errors": [
      25.90315055847168,
      33.894264221191406,
      24.7574405670166,
      22.635663986206055,
      20.128543853759766,
      18.442190170288086,
      17.034263610839844,
      15.905552864074707,
      14.947181701660156,
      14.242280006408691,
      13.496828079223633,
      12.91995906829834,
      12.39773941040039,
      12.07615852355957,
      11.74775218963623,
      11.417125701904297,
      11.085827827453613,
      10.921099662780762,
      10.641739845275879,
      10.465126037597656,
      10.218572616577148,
      10.164130210876465,
      10.024506568908691,
      9.890003204345703,
      9.681661605834961,
      9.64638900756836,
      9.550433158874512,
      9.819432258605957,
      7.826380729675293,
      5.621038913726807,
      4.858453750610352,
      9.262341499328613,
      8.692208290100098,
      9.102653503417969,
      9.040552139282227,
      9.008851051330566,
      8.999429702758789,
      9.05068302154541,
      9.071850776672363,
      9.003792762756348,
      8.979744911193848,
      9.016655921936035,
      9.005666732788086,
      8.964418411254883,
      8.932282447814941,
      8.962837219238281,
      8.95664119720459,
      8.941593170166016,
      8.919421195983887,
      8.96811580657959,
      8.965374946594238,
      8.975394248962402,
      8.960535049438477,
      9.026429176330566,
      9.048104286193848,
      9.011241912841797,
      9.041242599487305,
      9.456188201904297,
      7.66379451751709,
      5.467257022857666,
      4.727381229400635,
      9.7832670211792,
      9.414156913757324,
      9.679336547851562,
      9.58398151397705,
      9.610029220581055,
      9.634027481079102,
      9.634278297424316,
      9.590702056884766,
      9.614969253540039,
      9.627750396728516,
      9.594986915588379,
      9.509565353393555,
      9.517448425292969,
      9.705171585083008
    ]
  },
  "vary_filter_size_0.5": {
    "score": 89.51909637451172,
    "per_frame_errors": [
      20.92876625061035,
      29.33876609802246,
      22.79764747619629,
      21.22406578063965,
      19.10527992248535,
      17.617382049560547,
      16.359867095947266,
      15.361160278320312,
      14.506694793701172,
      13.9000883102417,
      13.22568130493164,
      12.688373565673828,
      12.204564094543457,
      11.90888500213623,
      11.60342788696289,
      11.292447090148926,
      10.9769287109375,
      10.826098442077637,
      10.562965393066406,
      10.39180850982666,
      10.157042503356934,
      10.11135196685791,
      9.97745132446289,
      9.847399711608887,
      9.645366668701172,
      9.613105773925781,
      9.523428916931152,
      9.795445442199707,
      7.809405326843262,
      5.610409736633301,
      4.850528717041016,
      9.250635147094727,
      8.681733131408691,
      9.093138694763184,
      9.032325744628906,
      9.00053882598877,
      8.9921875,
      9.044907569885254,
      9.069382667541504,
      9.002300262451172,
      8.97689437866211,
      9.013486862182617,
      9.002626419067383,
      8.961482048034668,
      8.929922103881836,
      8.958968162536621,
      8.953389167785645,
      8.938582420349121,
      8.91927719116211,
      8.967167854309082,
      8.963988304138184,
      8.974924087524414,
      8.959311485290527,
      9.026657104492188,
      9.047444343566895,
      9.010727882385254,
      9.040792465209961,
      9.454561233520508,
      7.6625518798828125,
      5.467181205749512,
      4.727505683898926,
      9.780607223510742,
      9.409577369689941,
      9.67538833618164,
      9.58120346069336,
      9.60635757446289,
      9.63148307800293,
      9.632346153259277,
      9.590495109558105,
      9.614218711853027,
      9.625642776489258,
      9.592923164367676,
      9.507462501525879,
      9.513665199279785,
      9.701991081237793
    ]
  },
  "vary_filter_size_0.7": {
    "score": 89.25170135498047,
    "per_frame_errors": [
      25.87494659423828,
      33.9119758605957,
      24.77484130859375,
      22.6629638671875,
      20.15448570251465,
      18.454097747802734,
      17.044260025024414,
      15.918136596679688,
      14.963197708129883,
      14.262557983398438,
      13.523609161376953,
      12.94267749786377,
      12.422730445861816,
      12.103464126586914,
      11.781538963317871,
      11.45220947265625,
      11.122797966003418,
      10.956344604492188,
      10.675376892089844,
      10.504215240478516,
      10.256564140319824,
      10.205108642578125,
      10.064499855041504,
      9.934380531311035,
      9.728676795959473,
      9.696575164794922,
      9.603606224060059,
      9.879237174987793,
      7.871144771575928,
      5.658273696899414,
      4.8760271072387695,
      9.320387840270996,
      8.75203800201416,
      9.174249649047852,
      9.114444732666016,
      9.08068561553955,
      9.072999000549316,
      9.122662544250488,
      9.148611068725586,
      9.079215049743652,
      9.057451248168945,
      9.092055320739746,
      9.077857971191406,
      9.035489082336426,
      9.003312110900879,
      9.033174514770508,
      9.028996467590332,
      9.016359329223633,
      8.994805335998535,
      9.044140815734863,
      9.043233871459961,
      9.052473068237305,
      9.038609504699707,
      9.102386474609375,
      9.126296043395996,
      9.086268424987793,
      9.113913536071777,
      9.538863182067871,
      7.7222747802734375,
      5.510983467102051,
      4.751190185546875,
      9.859722137451172,
      9.489232063293457,
      9.757030487060547,
      9.659597396850586,
      9.684833526611328,
      9.712496757507324,
      9.708986282348633,
      9.676033973693848,
      9.701078414916992,
      9.715707778930664,
      9.682997703552246,
      9.591073036193848,
      9.599839210510254,
      9.785223007202148
    ]
  },
  "vary_filter_size_0.9": {
    "score": 89.5188217163086,