{
  "vary_num_samples_16": {
    "score": 89.19641876220703,
    "per_frame_errors": [
      26.14552879333496,
      34.23784637451172,
      25.109275817871094,
      22.960840225219727,
      20.388019561767578,
      18.653186798095703,
      17.19125747680664,
      16.047529220581055,
      15.099413871765137,
      14.356168746948242,
      13.58690071105957,
      13.04244613647461,
      12.50195598602295,
      12.178969383239746,
      11.783175468444824,
      11.487939834594727,
      11.18132209777832,
      11.015396118164062,
      10.730557441711426,
      10.536311149597168,
      10.28429889678955,
      10.212425231933594,
      10.08378791809082,
      10.012816429138184,
      9.776871681213379,
      9.664032936096191,
      9.586638450622559,
      9.90603256225586,
      7.897100448608398,
      5.736182689666748,
      4.841799736022949,
      9.292502403259277,
      8.780815124511719,
      9.194202423095703,
      9.128694534301758,
      9.076193809509277,
      9.060689926147461,
      9.093354225158691,
      9.14927864074707,
      9.161690711975098,
      9.107368469238281,
      9.104534149169922,
      9.097031593322754,
      9.06972885131836,
      9.06088638305664,
      9.100455284118652,
      9.004305839538574,
      8.996102333068848,
      9.00205135345459,
      9.05637264251709,
      9.061088562011719,
      9.053900718688965,
      9.025755882263184,
      9.061180114746094,
      9.108916282653809,
      9.133116722106934,
      9.112837791442871,
      9.467379570007324,
      7.695226669311523,
      5.491656303405762,
      4.771034240722656,
      9.926117897033691,
      9.433451652526855,
      9.759490966796875,
      9.705937385559082,
      9.712646484375,
      9.746479034423828,
      9.716504096984863,
      9.673759460449219,
      9.675631523132324,
      9.694618225097656,
      9.759580612182617,
      9.689504623413086,
      9.636921882629395,
      9.856069564819336
    ]
  },
  "vary_num_samples_32": {
    "score": 89.50049591064453,
    "per_frame_errors": [
      20.565792083740234,
      29.005937576293945,
      22.57972526550293,
      21.045631408691406,
      18.964313507080078,
      17.505172729492188,
      16.275636672973633,
      15.294800758361816,
      14.474089622497559,
      13.852949142456055,
      13.162588119506836,
      12.668289184570312,
      12.15726375579834,
      11.878194808959961,
      11.575697898864746,
      11.322979927062988,
      11.04213809967041,
      10.88048267364502,
      10.59335994720459,
      10.45084285736084,
      10.23377799987793,
      10.16510009765625,
      10.026487350463867,
      9.922286987304688,
      9.733542442321777,
      9.681568145751953,
      9.57750129699707,
      9.834750175476074,
      7.853842735290527,
      5.679396152496338,
      4.818229675292969,
      9.234068870544434,
      8.682809829711914,
      9.095080375671387,
      9.0445556640625,
      9.004419326782227,
      8.986858367919922,
      9.035653114318848,
      9.089207649230957,
      9.089923858642578,
      9.044363021850586,
      9.040156364440918,
      9.027999877929688,
      9.00428295135498,
      8.997380256652832,
      9.027109146118164,
      8.985818862915039,
      8.988513946533203,
      9.012773513793945,
      9.038352012634277,
      9.015430450439453,
      8.98935604095459,
      8.9608736038208,
      9.02721881866455,
      9.026918411254883,
      9.005081176757812,
      9.038548469543457,
      9.474614143371582,
      7.709973335266113,
      5.511130332946777,
      4.7440056800842285,
      9.830535888671875,
      9.333658218383789,
      9.619349479675293,
      9.554021835327148,
      9.58498477935791,
      9.630887985229492,
      9.620033264160156,
      9.586458206176758,
      9.5978422164917,
      9.627681732177734,
      9.679742813110352,
      9.619290351867676,
      9.569086074829102,
      9.785796165466309
    ]
  },
  "vary_num_samples_4": {
    "score": 88.88753509521484,
    "per_frame_errors": [
      26.209470748901367,
      34.65099334716797,
      25.692928314208984,
      24.102405548095703,
      21.476261138916016,
      19.518217086791992,
      18.161884307861328,
      17.04172134399414,
      15.906597137451172,
      15.112378120422363,
      14.351515769958496,
      13.770357131958008,
      13.155559539794922,
      12.767060279846191,
      12.388832092285156,
      12.056675910949707,
      11.684375762939453,
      11.46297836303711,
      11.142720222473145,
      10.984503746032715,
      10.713321685791016,
      10.634427070617676,
      10.410812377929688,
      10.308219909667969,
      10.064014434814453,
      10.028205871582031,
      9.8727388381958,
      10.206714630126953,
      8.158470153808594,
      5.934854984283447,
      4.987044334411621,
      9.601360321044922,
      8.999839782714844,
      9.429055213928223,
      9.332399368286133,
      9.32800579071045,
      9.326915740966797,
      9.362483978271484,
      9.283056259155273,
      9.255748748779297,
      9.228370666503906,
      9.304767608642578,
      9.234426498413086,
      9.262439727783203,
      9.285795211791992,
      9.328064918518066,
      9.25302791595459,
      9.248663902282715,
      9.218523979187012,
      9.280484199523926,
      9.22620677947998,
      9.25610637664795,
      9.2673921585083,
      9.35029125213623,
      9.292718887329102,
      9.294761657714844,
      9.317778587341309,
      9.751680374145508,
      7.885835647583008,
      5.651066780090332,
      4.857266426086426,
      10.105807304382324,
      9.67072582244873,
      10.035019874572754,
      9.911380767822266,
      9.923224449157715,
      9.931248664855957,
      9.901008605957031,
      9.887975692749023,
      9.891214370727539,
      9.84344482421875,
      9.87708568572998,
      9.79870319366455,
      9.821392059326172,
      10.031144142150879
    ]
  },
  "vary_num_samples_64": {
    "score": 89.27578735351562,
    "per_frame_errors": [
      24.876432418823242,
      33.734718322753906,
      23.952285766601562,
      22.154521942138672,
      19.92669677734375,
      18.23702621459961,
      16.94732666015625,
      15.804742813110352,
      14.871675491333008,
      14.148527145385742,
      13.470930099487305,
      12.935306549072266,
      12.46129035949707,
      12.063556671142578,
      11.775337219238281,
      11.43185806274414,
      11.072966575622559,
      10.893054962158203,
      10.646012306213379,
      10.560163497924805,
      10.389193534851074,
      10.334152221679688,
      10.111024856567383,
      10.010951042175293,
      9.789509773254395,
      9.701802253723145,
      9.62451171875,
      9.893665313720703,
      7.812864780426025,
      5.579054355621338,
      4.713796615600586,
      9.148337364196777,
      8.614470481872559,
      9.055116653442383,
      9.026996612548828,
      8.99337387084961,
      8.985674858093262,
      9.038642883300781,
      9.110809326171875,
      9.128976821899414,
      9.085407257080078,
      9.080020904541016,
      9.072996139526367,
      9.058343887329102,
      9.051451683044434,
      9.090133666992188,
      9.05652904510498,
      9.054940223693848,
      9.085602760314941,
      9.108089447021484,
      9.084296226501465,
      9.060200691223145,
      9.030938148498535,
      9.09664249420166,
      9.100238800048828,
      9.071496963500977,
      9.109698295593262,
      9.553519248962402,
      7.779566287994385,
      5.540163993835449,
      4.797672748565674,
      9.902709007263184,
      9.427233695983887,
      9.720969200134277,
      9.644392013549805,
      9.6615629196167,
      9.701386451721191,
      9.684298515319824,
      9.656637191772461,
      9.674647331237793,
      9.689346313476562,
      9.679665565490723,
      9.641267776489258,
      9.604120254516602,
      9.834982872009277
    ]
  },
  "vary_num_samples_8": {
    "score": 89.38475036621094,