{
  "vary_num_samples_TAA_16": {
    "score": 97.0486068725586,
    "per_frame_errors": [
      2.800800085067749,
      6.2013115882873535,
      4.500992298126221,
      4.377202033996582,
      4.14824914932251,
      4.054769039154053,
      4.000650405883789,
      3.9348607063293457,
      3.8509976863861084,
      3.767913818359375,
      3.706498146057129,
      3.65419864654541,
      3.6150074005126953,
      3.570413112640381,
      3.5366873741149902,
      3.4763762950897217,
      3.401815891265869,
      3.3474671840667725,
      3.350555181503296,
      3.3222475051879883,
      3.3015151023864746,
      3.2709195613861084,
      3.218905210494995,
      3.241187334060669,
      3.2999956607818604,
      3.33263897895813,
      3.2329070568084717,
      3.348691701889038,
      2.340827465057373,
      1.4806818962097168,
      1.0970085859298706,
      3.1899070739746094,
      2.8266193866729736,
      3.0837512016296387,
      3.1124606132507324,
      3.1190335750579834,
      3.1611530780792236,
      3.2197647094726562,
      3.2361350059509277,
      3.1992573738098145,
      3.1376736164093018,
      3.087759256362915,
      3.082332134246826,
      3.090744733810425,
      3.071942090988159,
      3.067540168762207,
      3.1016228199005127,
      3.2792515754699707,
      3.349393844604492,
      3.229907512664795,
      3.198927879333496,
      3.1897499561309814,
      3.170865058898926,
      3.2160468101501465,
      3.2333531379699707,
      3.1807570457458496,
      3.119004487991333,
      3.2202882766723633,
      2.3349108695983887,
      1.4740980863571167,
      1.1480419635772705,
      3.1843409538269043,
      2.787214994430542,
      3.0289580821990967,
      3.021785259246826,
      2.9814820289611816,
      2.941267251968384,
      2.9092342853546143,
      2.8828125,
      2.851018190383911,
      2.848407506942749,
      2.824986457824707,
      2.7972121238708496,
      2.809274673461914,
      2.808581590652466,
      2.781966209411621,
      2.7699928283691406,
      2.7907848358154297,
      2.8088057041168213,
      2.784111976623535,
      2.781087636947632,
      2.794661521911621,
      2.806755542755127,
      2.8086397647857666,
      2.7871310710906982,
      2.795168876647949,
      2.806962490081787,
      2.9309885501861572,
      2.1863343715667725,
      1.392974853515625,
      1.12814462184906,
      3.026071310043335,
      2.6528255939483643,
      2.8737316131591797,
      2.8708155155181885,
      2.8367371559143066,
      2.84177303314209,
      2.8264596462249756,
      2.824864387512207,
      2.8286824226379395,
      2.8318021297454834,
      2.8162546157836914,
      2.81587290763855,
      2.789292335510254,
      2.795804500579834,
      2.7605366706848145,
      2.762953042984009,
      2.763075113296509,
      2.775904417037964,
      2.8336939811706543,
      2.850781202316284,
      2.804274559020996,
      2.793678045272827,
      2.8142473697662354,
      2.8369946479797363,
      2.9268271923065186,
      3.0424559116363525,
      3.0795626640319824,
      2.2329657077789307,
      1.4674656391143799,
      1.1935937404632568,
      3.052847385406494,
      2.6487855911254883,
      2.8804612159729004,
      2.8905434608459473,
      2.907554864883423,
      2.9101529121398926,
      2.9410195350646973,
      3.0377273559570312,
      3.0937511920928955,
      3.0342400074005127,
      2.9641523361206055,
      2.914184331893921,
      2.8920528888702393,
      2.8849074840545654,
      2.8861377239227295,
      2.8738834857940674,
      2.8567867279052734,
      2.8373968601226807,
      2.8309249877929688,
      2.815819025039673,
      2.8194146156311035,
      2.8269734382629395,
      2.794511556625366,
      2.7930545806884766,
      2.8044192790985107,
      2.789766550064087,
      2.885310649871826,
      2.152723550796509,
      1.3720864057540894
    ]
  },
  "vary_num_samples_TAA_32": {
    "score": 97.05777740478516,
    "per_frame_errors": [
      2.2786571979522705,
      5.280552864074707,
      4.131583213806152,
      4.2005791664123535,
      4.104552268981934,
      4.043115139007568,
      4.002747058868408,
      3.9313411712646484,
      3.8452212810516357,
      3.769364356994629,
      3.7123639583587646,
      3.6316370964050293,
      3.576340436935425,
      3.5316483974456787,
      3.4919538497924805,
      3.4163451194763184,
      3.3680331707000732,
      3.3254339694976807,
      3.3109114170074463,
      3.2701992988586426,
      3.2377030849456787,
      3.221328020095825,
      3.1849982738494873,
      3.188730478286743,
      3.2301077842712402,
      3.2350258827209473,
      3.163902521133423,
      3.281818389892578,
      2.2997453212738037,
      1.469489336013794,
      1.0915420055389404,
      3.1642868518829346,
      2.7832226753234863,
      3.059133291244507,
      3.0650787353515625,
      3.0754716396331787,
      3.1344237327575684,
      3.1952483654022217,
      3.1802635192871094,
      3.14395809173584,
      3.104666233062744,
      3.0817768573760986,
      3.063392400741577,
      3.0560736656188965,
      3.038522243499756,
      3.0542588233947754,
      3.0932204723358154,
      3.2582054138183594,
      3.290503740310669,
      3.1631855964660645,
      3.165052652359009,
      3.145202398300171,
      3.12784481048584,
      3.167591094970703,
      3.162034034729004,
      3.1244919300079346,
      3.0763156414031982,
      3.1786646842956543,
      2.290769100189209,
      1.42578125,
      1.1203488111495972,
      3.1586086750030518,
      2.7740259170532227,
      3.010092258453369,
      3.005744218826294,
      2.9888203144073486,
      2.9533615112304688,
      2.899428129196167,
      2.880002737045288,
      2.86124849319458,
      2.8547842502593994,
      2.8454654216766357,
      2.840596914291382,
      2.850661277770996,
      2.83891224861145,
      2.8140039443969727,
      2.791893482208252,
      2.812481164932251,
      2.840186357498169,
      2.820430278778076,
      2.8254356384277344,
      2.8386313915252686,
      2.8237311840057373,
      2.7998576164245605,
      2.8000056743621826,
      2.8424999713897705,
      2.856229782104492,
      2.963247299194336,
      2.2131240367889404,
      1.383425235748291,
      1.1117924451828003,
      3.0337672233581543,
      2.683479070663452,
      2.933553457260132,
      2.950329065322876,
      2.917262315750122,
      2.9089303016662598,
      2.888396978378296,
      2.8884310722351074,
      2.863632917404175,
      2.8627383708953857,
      2.873251438140869,
      2.873605966567993,
      2.851266860961914,
      2.8625411987304688,
      2.8273112773895264,
      2.8254475593566895,
      2.829758405685425,
      2.844667673110962,
      2.8973753452301025,
      2.880667209625244,
      2.8531785011291504,
      2.8381359577178955,
      2.8641581535339355,
      2.902585744857788,
      2.9593636989593506,
      3.016819953918457,
      3.0623936653137207,
      2.2374870777130127,
      1.4700950384140015,
      1.1818861961364746,
      3.083807945251465,
      2.685955286026001,
      2.9346096515655518,
      2.9421582221984863,
      2.946375608444214,
      2.9384536743164062,
      2.9837207794189453,
      3.056759834289551,
      3.104705810546875,
      3.0139963626861572,
      2.9549615383148193,
      2.9277873039245605,
      2.9333274364471436,
      2.9366021156311035,
      2.9194908142089844,
      2.885978937149048,
      2.8692917823791504,
      2.85791015625,
      2.866791248321533,
      2.8702359199523926,
      2.8668406009674072,
      2.8650152683258057,
      2.8643975257873535,
      2.8568408489227295,
      2.857966423034668,
      2.820526123046875,
      2.9228734970092773,
      2.188488006591797,
      1.3800700902938843
    ]
  },
  "vary_num_samples_TAA_4": {
    "score": 96.61990356445312,