{
  "vary_num_samples_16": {
    "score": 95.97119903564453,
    "per_frame_errors": [
      5.729826927185059,
      13.976278305053711,
      11.228333473205566,
      11.027154922485352,
      10.136799812316895,
      9.479179382324219,
      8.72165584564209,
      8.060328483581543,
      7.525706768035889,
      7.132577896118164,
      6.7994771003723145,
      6.49652099609375,
      6.234306812286377,
      6.018595218658447,
      5.8045549392700195,
      5.549138069152832,
      5.324450492858887,
      5.139392852783203,
      5.022069931030273,
      4.877929210662842,
      4.72935676574707,
      4.594559669494629,
      4.551960468292236,
      4.520959854125977,
      4.552074432373047,
      4.638534069061279,
      4.453819274902344,
      4.459536075592041,
      3.2238552570343018,
      2.044848918914795,
      1.4929050207138062,
      4.183915615081787,
      3.684648036956787,
      3.994919776916504,
      4.002532482147217,
      3.9772825241088867,
      3.9694011211395264,
      3.9687411785125732,
      4.005269527435303,
      3.9761078357696533,
      3.902787923812866,
      3.8699615001678467,
      3.8450822830200195,
      3.895902395248413,
      3.921570301055908,
      3.9119813442230225,
      3.9448049068450928,
      4.207554340362549,
      4.378453254699707,
      4.358060359954834,
      4.313340187072754,
      4.253297805786133,
      4.127577781677246,
      4.021352767944336,
      4.023337364196777,
      3.942655324935913,
      3.8164703845977783,
      3.840721368789673,
      2.8705108165740967,
      1.7805373668670654,
      1.407581090927124,
      3.7653868198394775,
      3.307384729385376,
      3.572176694869995,
      3.5384552478790283,
      3.4752233028411865,
      3.4526286125183105,
      3.4174675941467285,
      3.387927770614624,
      3.3660662174224854,
      3.4477787017822266,
      3.4474635124206543,
      3.3965818881988525,
      3.3859174251556396,
      3.4037423133850098,
      3.399689197540283,
      3.417630434036255,
      3.455737829208374,
      3.5515315532684326,
      3.5950772762298584,
      3.598511219024658,
      3.5799481868743896,
      3.57297420501709,
      3.580190658569336,
      3.5495171546936035,
      3.5099008083343506,
      3.5246803760528564,
      3.632265090942383,
      2.755129814147949,
      1.7169108390808105,
      1.4778660535812378,
      3.800872802734375,
      3.359839677810669,
      3.587345600128174,
      3.5825836658477783,
      3.520430088043213,
      3.4715025424957275,
      3.403242826461792,
      3.4179370403289795,
      3.412086009979248,
      3.400906801223755,
      3.3399417400360107,
      3.4056172370910645,
      3.375149965286255,
      3.3216564655303955,
      3.290855646133423,
      3.278547525405884,
      3.253528356552124,
      3.3009331226348877,
      3.37622332572937,
      3.4894230365753174,
      3.5136539936065674,
      3.4681453704833984,
      3.375432252883911,
      3.3814446926116943,
      3.4988515377044678,
      3.6931586265563965,
      3.8370518684387207,
      2.9522948265075684,
      1.9923936128616333,
      1.6120262145996094,
      3.793403148651123,
      3.279451608657837,
      3.4407918453216553,
      3.4145095348358154,
      3.376293182373047,
      3.3923134803771973,
      3.454190969467163,
      3.580203056335449,
      3.644115686416626,
      3.7084567546844482,
      3.7541635036468506,
      3.6794228553771973,
      3.5495054721832275,
      3.5055055618286133,
      3.4297232627868652,
      3.352512836456299,
      3.3056187629699707,
      3.316289186477661,
      3.3067305088043213,
      3.280804395675659,
      3.272637128829956,
      3.3007864952087402,
      3.293149709701538,
      3.2969768047332764,
      3.24360728263855,
      3.199627161026001,
      3.260199785232544,
      2.408538579940796,
      1.5431876182556152
    ]
  },
  "vary_num_samples_32": {
    "score": 96.00823211669922,
    "per_frame_errors": [
      5.213135719299316,
      12.981826782226562,
      10.433195114135742,
      10.418709754943848,
      9.728537559509277,
      9.178765296936035,
      8.540833473205566,
      7.984615325927734,
      7.4987592697143555,
      7.1656599044799805,
      6.853255748748779,
      6.574640274047852,
      6.323018550872803,
      6.113065719604492,
      5.9007649421691895,
      5.688121318817139,
      5.4564008712768555,
      5.261653423309326,
      5.131824016571045,
      4.982574462890625,
      4.812202453613281,
      4.677312850952148,
      4.579965114593506,
      4.521993160247803,
      4.596085548400879,
      4.686352252960205,
      4.419541835784912,
      4.414114475250244,
      3.190979480743408,
      2.006450653076172,
      1.4697879552841187,
      4.137911319732666,
      3.665268659591675,
      3.986953020095825,
      3.977297306060791,
      3.951411724090576,
      3.9372339248657227,
      3.9394283294677734,
      3.982053279876709,
      3.954998731613159,
      3.8816542625427246,
      3.845996856689453,
      3.8250179290771484,
      3.8745782375335693,
      3.898538112640381,
      3.889204263687134,
      3.925175905227661,
      4.219918251037598,
      4.412896633148193,
      4.388256072998047,
      4.347583770751953,
      4.278127193450928,
      4.147040367126465,
      4.060786247253418,
      4.000594615936279,
      3.9108357429504395,
      3.84329891204834,
      3.8664143085479736,
      2.8633038997650146,
      1.7710986137390137,
      1.3990288972854614,
      3.680086851119995,
      3.2320144176483154,
      3.48048734664917,
      3.473278284072876,
      3.415121555328369,
      3.402041435241699,
      3.379903793334961,
      3.361292600631714,
      3.342437744140625,
      3.423431396484375,
      3.4263293743133545,
      3.378028154373169,
      3.370527982711792,
      3.3896424770355225,
      3.3916127681732178,
      3.4067790508270264,
      3.451406478881836,
      3.5446929931640625,
      3.6056814193725586,
      3.5979509353637695,
      3.550227165222168,
      3.5577168464660645,
      3.557380199432373,
      3.5427892208099365,
      3.5257749557495117,
      3.4849696159362793,
      3.596151351928711,
      2.7843337059020996,
      1.7249244451522827,
      1.4576693773269653,
      3.7471704483032227,
      3.3135340213775635,
      3.528244972229004,
      3.509763240814209,
      3.4167518615722656,
      3.3879523277282715,
      3.3316168785095215,
      3.3495006561279297,
      3.3554606437683105,
      3.3536572456359863,
      3.308339834213257,
      3.3775434494018555,
      3.3506627082824707,
      3.296476364135742,
      3.267852544784546,
      3.256547451019287,
      3.232459306716919,
      3.2793784141540527,
      3.3607311248779297,
      3.4719107151031494,
      3.5019302368164062,
      3.4441773891448975,
      3.3412740230560303,
      3.363340377807617,
      3.468489408493042,
      3.676203727722168,
      3.8319783210754395,
      2.90423583984375,
      1.9511278867721558,
      1.6140961647033691,
      3.777742862701416,
      3.2242929935455322,
      3.387751340866089,
      3.339404582977295,
      3.2954254150390625,
      3.3356666564941406,
      3.385552406311035,
      3.517172336578369,
      3.5970332622528076,
      3.6630916595458984,
      3.7166733741760254,
      3.6432647705078125,
      3.5212161540985107,
      3.484178066253662,
      3.4117424488067627,
      3.3373208045959473,
      3.291438579559326,
      3.2991387844085693,
      3.2904980182647705,
      3.2680838108062744,
      3.264066219329834,
      3.2970612049102783,
      3.306288003921509,
      3.3144688606262207,
      3.249404191970825,
      3.2161877155303955,
      3.25238299369812,
      2.404664993286133,
      1.5607361793518066
    ]
  },
  "vary_num_samples_4": {
    "score": 95.8690185546875,