{
  "vary_num_samples_16": {
    "score": 94.5116958618164,
    "per_frame_errors": [
      37.14287185668945,
      62.91328048706055,
      44.66056442260742,
      37.09055709838867,
      29.714351654052734,
      24.746307373046875,
      21.255617141723633,
      18.215641021728516,
      15.604813575744629,
      13.601754188537598,
      12.056018829345703,
      10.6934232711792,
      9.739778518676758,
      8.836201667785645,
      8.10471248626709,
      7.569363594055176,
      7.241138935089111,
      6.900539875030518,
      6.2745137214660645,
      5.737069129943848,
      5.437679767608643,
      5.249250411987305,
      5.250617980957031,
      5.126865863800049,
      4.86166524887085,
      4.726894378662109,
      4.62267541885376,
      4.716922283172607,
      3.6878039836883545,
      3.1674811840057373,
      2.537118911743164,
      4.315046787261963,
      3.36580228805542,
      3.6159427165985107,
      3.4910266399383545,
      3.4474971294403076,
      3.3610551357269287,
      3.305230140686035,
      3.380263090133667,
      3.323134660720825,
      3.170611619949341,
      3.16261625289917,
      3.1387181282043457,
      3.0034332275390625,
      2.90568470954895,
      2.7873475551605225,
      2.6130125522613525,
      2.5427699089050293,
      2.561814785003662,
      2.629891872406006,
      2.625300884246826,
      2.6431169509887695,
      2.6585185527801514,
      2.7057647705078125,
      2.8488049507141113,
      2.8729753494262695,
      2.8339619636535645,
      3.12363600730896,
      2.298940896987915,
      1.890364646911621,
      1.7734737396240234,
      3.3061563968658447,
      2.4788877964019775,
      2.698486089706421,
      2.799931287765503,
      2.9098124504089355,
      2.921720027923584,
      3.0121781826019287,
      3.0190956592559814,
      3.064962387084961,
      3.2499372959136963,
      3.2404229640960693,
      3.1785190105438232,
      3.212489604949951,
      3.2472891807556152,
      3.230523109436035,
      3.2962961196899414,
      3.3036587238311768,
      3.204185962677002,
      3.1423590183258057,
      3.1658530235290527,
      3.186467170715332,
      3.103461980819702,
      3.1223413944244385,
      3.0535261631011963,
      3.0344748497009277,
      3.214926242828369,
      3.422741651535034,
      2.3831937313079834,
      1.999525785446167,
      1.8748193979263306,
      3.3603274822235107,
      2.6352717876434326,
      2.8230535984039307,
      2.7103121280670166,
      2.641026735305786,
      2.679340362548828,
      2.7427775859832764,
      2.6991562843322754,
      2.7475621700286865,
      2.749596118927002,
      2.759603500366211,
      2.9704878330230713,
      3.041985511779785,
      3.0002353191375732,
      3.085719347000122,
      3.0974316596984863,
      3.074552059173584,
      3.1228785514831543,
      3.158031940460205,
      3.1083905696868896,
      3.0470051765441895,
      3.0968947410583496,
      3.158846616744995,
      3.112926721572876,
      3.1156156063079834,
      3.1097753047943115,
      3.3503057956695557,
      2.714550495147705,
      2.3086678981781006,
      1.9451950788497925,
      3.4489691257476807,
      2.7187840938568115,
      2.7821388244628906,
      2.817686080932617,
      2.798081398010254,
      2.6922073364257812,
      2.6427698135375977,
      2.7031590938568115,
      2.811279058456421,
      2.8195669651031494,
      2.9205124378204346,
      3.0410892963409424,
      3.3471953868865967,
      3.899735689163208,
      4.110724925994873,
      4.078468322753906,
      4.095717430114746,
      4.140881061553955,
      4.146530628204346,
      4.299047946929932,
      4.457103729248047,
      4.603276252746582,
      4.903085231781006,
      5.398592948913574,
      6.046969890594482,
      6.710277557373047,
      9.062702178955078,
      7.441810607910156,
      5.182482719421387
    ]
  },
  "vary_num_samples_32": {
    "score": 94.60678100585938,
    "per_frame_errors": [
      37.15704345703125,
      61.87887954711914,
      43.23239517211914,
      35.89701461791992,
      28.795442581176758,
      24.075363159179688,
      20.798171997070312,
      17.817604064941406,
      15.252456665039062,
      13.323112487792969,
      11.808165550231934,
      10.476922035217285,
      9.551568031311035,
      8.669525146484375,
      8.019219398498535,
      7.622271537780762,
      7.2801995277404785,
      6.725708961486816,
      6.036345958709717,
      5.33174467086792,
      4.876348972320557,
      4.671070098876953,
      4.3988823890686035,
      4.228404521942139,
      4.228209972381592,
      4.136940002441406,
      3.9248673915863037,
      4.065228462219238,
      3.0852766036987305,
      2.5821034908294678,
      2.325758218765259,
      3.9594383239746094,
      3.0578854084014893,
      3.3543901443481445,
      3.259969472885132,
      3.2522997856140137,
      3.2003018856048584,
      3.17814040184021,
      3.2819082736968994,
      3.2437682151794434,
      3.107398271560669,
      3.1166791915893555,
      3.1039376258850098,
      2.9793529510498047,
      2.8955984115600586,
      2.7878658771514893,
      2.66737699508667,
      2.7207858562469482,
      2.7398362159729004,
      2.7186622619628906,
      2.751512289047241,
      2.7362403869628906,
      2.7394957542419434,
      2.8353049755096436,
      2.8098537921905518,
      2.85245418548584,
      3.0362377166748047,
      3.3071885108947754,
      2.3508477210998535,
      1.9496713876724243,
      1.8425313234329224,
      3.3497633934020996,
      2.606353998184204,
      2.792691946029663,
      2.8708415031433105,
      2.972599744796753,
      2.968587875366211,
      3.049128293991089,
      3.064687490463257,
      3.110903263092041,
      3.288764715194702,
      3.273921012878418,
      3.2133054733276367,
      3.2547667026519775,
      3.2864573001861572,
      3.269892454147339,
      3.3264963626861572,
      3.333207607269287,
      3.2801311016082764,
      3.3565831184387207,
      3.3311922550201416,
      3.206141471862793,
      3.194932699203491,
      3.155890941619873,
      3.0667316913604736,
      3.126518726348877,
      3.06284761428833,
      3.2859630584716797,
      2.506744384765625,
      2.135622978210449,
      1.8425334692001343,
      3.344977855682373,
      2.6010398864746094,
      2.7453908920288086,
      2.7570888996124268,
      2.6558845043182373,
      2.6582956314086914,
      2.7057437896728516,
      2.640933036804199,
      2.6931636333465576,
      2.678234577178955,
      2.6832869052886963,
      2.8964943885803223,
      2.9688241481781006,
      2.9021520614624023,
      2.9867005348205566,
      3.005052089691162,
      2.987265110015869,
      3.0364761352539062,
      3.075561761856079,
      3.0840673446655273,
      3.1798152923583984,
      3.2078583240509033,
      3.169198751449585,
      3.1754775047302246,
      3.1301703453063965,
      3.0981929302215576,
      3.406613826751709,
      2.555410861968994,
      2.1068360805511475,
      2.092998743057251,
      3.6453113555908203,
      2.7342448234558105,
      2.85365891456604,
      2.852566719055176,
      2.7878899574279785,
      2.7921197414398193,
      2.6950604915618896,
      2.7204887866973877,
      2.8090085983276367,
      2.787719249725342,
      2.882222890853882,
      2.9949254989624023,
      3.3059213161468506,
      3.86076283454895,
      4.065086841583252,
      4.029598712921143,
      4.0499653816223145,
      4.100319862365723,
      4.10144567489624,
      4.257307529449463,
      4.419486999511719,
      4.6294708251953125,
      5.092872142791748,
      5.606091499328613,
      6.09560489654541,
      6.883130073547363,
      9.268318176269531,
      7.478749752044678,
      5.26064920425415
    ]
  },
  "vary_num_samples_4": {
    "score": 94.39127349853516,