{
  "vary_num_samples_16": {
    "score": 68.46519470214844,
    "per_frame_errors": [
      23.559572219848633,
      35.34670639038086,
      32.80851745605469,
      33.77930450439453,
      33.736881256103516,
      33.44743728637695,
      33.377410888671875,
      33.12352752685547,
      32.983585357666016,
      32.800960540771484,
      32.69451141357422,
      32.55903625488281,
      32.598716735839844,
      32.447166442871094,
      32.413124084472656,
      32.35899353027344,
      32.40772247314453,
      32.2592658996582,
      32.31102752685547,
      32.24847412109375,
      32.305931091308594,
      32.28543472290039,
      32.45919418334961,
      32.286834716796875,
      32.36714172363281,
      32.19124984741211,
      32.13094711303711,
      34.23728561401367,
      34.086517333984375,
      20.955524444580078,
      23.157079696655273,
      33.38374710083008,
      31.220991134643555,
      32.30159378051758,
      32.51982116699219,
      32.41062927246094,
      32.50739669799805,
      32.35653305053711,
      32.49834442138672,
      32.34455490112305,
      32.43802261352539,
      32.26420593261719,
      32.28915023803711,
      32.23115539550781,
      32.40272903442383,
      32.13267517089844,
      32.2310676574707,
      32.09736251831055,
      32.178627014160156,
      31.891651153564453,
      31.91082000732422,
      31.838407516479492,
      31.840351104736328,
      31.74053192138672,
      31.870424270629883,
      31.639272689819336,
      31.48832130432129,
      33.95138931274414,
      33.7435188293457,
      21.267601013183594,
      25.133895874023438,
      33.57556915283203,
      31.39665985107422,
      32.73749923706055,
      33.06429672241211,
      33.09128952026367,
      33.24564743041992,
      33.358787536621094,
      33.3957633972168,
      33.40562438964844,
      33.604881286621094,
      33.46162414550781,
      33.48577117919922,
      33.44950866699219,
      33.44743347167969,
      33.48381042480469,
      33.51371765136719,
      33.192073822021484,
      32.960601806640625,
      32.786033630371094,
      32.69249725341797,
      32.46346664428711,
      32.36853790283203,
      32.28162384033203,
      32.1597785949707,
      31.9688720703125,
      31.86234474182129,
      34.23259735107422,
      33.830467224121094,
      20.583417892456055,
      26.261444091796875,
      32.86263656616211,
      30.530611038208008,
      31.521503448486328,
      31.522624969482422,
      31.443326950073242,
      31.502058029174805,
      31.385486602783203,
      31.363126754760742,
      31.38368797302246,
      31.34490394592285,
      31.28201675415039,
      31.454566955566406,
      31.28203582763672,
      31.21353530883789,
      31.173686981201172,
      31.162057876586914,
      31.13324546813965,
      31.235977172851562,
      31.096593856811523,
      31.096677780151367,
      31.110960006713867,
      31.189231872558594,
      31.07933807373047,
      31.09162139892578,
      31.076906204223633,
      30.900148391723633,
      33.2061767578125,
      33.778133392333984,
      20.255216598510742,
      25.88534927368164,
      32.40671920776367,
      30.031469345092773,
      31.074024200439453,
      31.212690353393555,
      31.031532287597656,
      31.04794692993164,
      31.06001853942871,
      31.123186111450195,
      31.016820907592773,
      31.02866554260254,
      31.084712982177734,
      31.086441040039062,
      31.026090621948242,
      31.191390991210938,
      31.054222106933594,
      31.023134231567383,
      30.99691390991211,
      31.006921768188477,
      30.985374450683594,
      31.110326766967773,
      31.010860443115234,
      31.029333114624023,
      31.029664993286133,
      31.102434158325195,
      30.95335578918457,
      30.8124942779541,
      33.33349609375,
      33.312808990478516,
      20.262571334838867
    ]
  },
  "vary_num_samples_32": {
    "score": 68.56080627441406,
    "per_frame_errors": [
      23.205703735351562,
      34.701114654541016,
      32.29507064819336,
      33.31135940551758,
      33.29793167114258,
      33.08504867553711,
      33.07183074951172,
      32.849632263183594,
      32.73166275024414,
      32.57477951049805,
      32.47882080078125,
      32.359962463378906,
      32.41517639160156,
      32.26955032348633,
      32.28993225097656,
      32.27103805541992,
      32.21830749511719,
      32.06797409057617,
      32.11189651489258,
      31.969030380249023,
      32.08959197998047,
      32.03700637817383,
      32.050086975097656,
      32.071285247802734,
      32.278480529785156,
      31.981952667236328,
      31.879274368286133,
      34.06020736694336,
      33.737579345703125,
      20.783428192138672,
      23.1509952545166,
      33.05379867553711,
      30.91811752319336,
      32.02322769165039,
      32.26666259765625,
      32.190738677978516,
      32.305259704589844,
      32.180458068847656,
      32.34519958496094,
      32.20895004272461,
      32.31597900390625,
      32.15697479248047,
      32.19224548339844,
      32.14092254638672,
      32.31903839111328,
      32.05805969238281,
      32.22665786743164,
      32.10502624511719,
      32.05984878540039,
      31.747905731201172,
      31.817964553833008,
      31.695165634155273,
      31.769269943237305,
      31.677448272705078,
      31.63555908203125,
      31.61496925354004,
      31.573556900024414,
      33.946807861328125,
      33.465789794921875,
      21.21757698059082,
      25.161609649658203,
      33.50368881225586,
      31.264223098754883,
      32.526187896728516,
      32.86862564086914,
      32.92881774902344,
      33.101200103759766,
      33.233673095703125,
      33.27352523803711,
      33.290977478027344,
      33.514427185058594,
      33.39344024658203,
      33.425167083740234,
      33.391510009765625,
      33.39063262939453,
      33.42837142944336,
      33.462493896484375,
      33.151344299316406,
      32.98027038574219,
      32.90625,
      32.70207595825195,
      32.429439544677734,
      32.406280517578125,
      32.2010612487793,
      32.123817443847656,
      32.002864837646484,
      31.662296295166016,
      34.117889404296875,
      34.411251068115234,
      20.563058853149414,
      26.252912521362305,
      32.91730499267578,
      30.49810218811035,
      31.506092071533203,
      31.561134338378906,
      31.3670597076416,
      31.438764572143555,
      31.340600967407227,
      31.325077056884766,
      31.351390838623047,
      31.302963256835938,
      31.239368438720703,
      31.41880989074707,
      31.25544548034668,
      31.185518264770508,
      31.14850616455078,
      31.137113571166992,
      31.10794448852539,
      31.217252731323242,
      31.08814811706543,
      31.143035888671875,
      31.241426467895508,
      31.20858383178711,
      31.043306350708008,
      31.13134765625,
      30.986038208007812,
      30.855443954467773,
      33.37757873535156,
      33.226898193359375,
      20.26915168762207,
      25.98695945739746,
      32.46083450317383,
      30.0198917388916,
      31.096834182739258,
      31.13834571838379,
      31.010663986206055,
      31.10340118408203,
      31.0020694732666,
      31.074665069580078,
      30.982959747314453,
      31.00353240966797,
      31.057363510131836,
      31.04986000061035,
      30.988109588623047,
      31.159162521362305,
      31.027191162109375,
      30.997785568237305,
      30.973939895629883,
      30.984886169433594,
      30.959575653076172,
      31.086631774902344,
      30.99776268005371,
      31.071533203125,
      31.15420150756836,
      31.11832618713379,
      30.91338348388672,
      30.84136390686035,
      33.20663833618164,
      33.28314208984375,
      20.244352340698242
    ]
  },
  "vary_num_samples_4": {
    "score": 68.1789779663086,