{
  "vary_num_samples_16": {
    "score": 96.50562286376953,
    "per_frame_errors": [
      2.4279892444610596,
      5.343303680419922,
      4.707998275756836,
      4.806154251098633,
      4.528433799743652,
      4.278489589691162,
      4.088559150695801,
      3.8905105590820312,
      3.781700849533081,
      3.6598832607269287,
      3.5539493560791016,
      3.417772054672241,
      3.440122604370117,
      3.318188190460205,
      3.2263951301574707,
      3.1769163608551025,
      3.1708245277404785,
      3.1599724292755127,
      3.109281539916992,
      2.9570910930633545,
      3.125021457672119,
      3.3077280521392822,
      3.2081334590911865,
      3.1647026538848877,
      3.1251718997955322,
      3.195223331451416,
      3.057871103286743,
      3.341724395751953,
      2.294464349746704,
      1.1201211214065552,
      1.1211142539978027,
      2.9852490425109863,
      2.9243717193603516,
      3.3682281970977783,
      3.517184019088745,
      3.4947314262390137,
      3.5829899311065674,
      3.6371023654937744,
      3.6992485523223877,
      3.7716903686523438,
      3.963573932647705,
      3.971876621246338,
      4.025731563568115,
      4.05014705657959,
      4.105612277984619,
      4.136743068695068,
      4.106518268585205,
      3.955251932144165,
      4.155668258666992,
      4.324513912200928,
      4.236212730407715,
      4.174020767211914,
      4.074339866638184,
      4.202268600463867,
      4.182745933532715,
      4.194151878356934,
      4.147145748138428,
      4.5618791580200195,
      3.3189585208892822,
      1.6452877521514893,
      1.6078054904937744,
      4.048953056335449,
      4.046830654144287,
      4.512360572814941,
      4.68569803237915,
      4.705384731292725,
      4.7558512687683105,
      4.8347368240356445,
      4.901063442230225,
      4.806168079376221,
      4.761990070343018,
      4.6960368156433105,
      4.702828884124756,
      4.746058464050293,
      4.7257466316223145,
      4.615913391113281,
      4.754749774932861,
      4.937549114227295,
      4.613630294799805,
      4.338757038116455,
      4.043824672698975,
      4.004919052124023,
      3.846475124359131,
      3.7514536380767822,
      3.7201528549194336,
      3.622476577758789,
      3.5069777965545654,
      3.801607608795166,
      2.4716434478759766,
      1.1315624713897705,
      1.1087923049926758,
      3.0052363872528076,
      2.95306658744812,
      3.3402204513549805,
      3.413942575454712,
      3.360823154449463,
      3.4342257976531982,
      3.329181671142578,
      3.3286850452423096,
      3.322067975997925,
      3.321369171142578,
      3.3257992267608643,
      3.304729461669922,
      3.191131114959717,
      3.3614604473114014,
      3.542523145675659,
      3.388476610183716,
      3.2986655235290527,
      3.2049262523651123,
      3.289208173751831,
      3.2137868404388428,
      3.1885030269622803,
      3.246711492538452,
      3.257033348083496,
      3.3183670043945312,
      3.3170242309570312,
      3.0615174770355225,
      3.391083002090454,
      2.2816779613494873,
      1.0521470308303833,
      1.0083611011505127,
      2.8814971446990967,
      2.8608651161193848,
      3.263808012008667,
      3.4341230392456055,
      3.3057057857513428,
      3.2826783657073975,
      3.286492347717285,
      3.32915997505188,
      3.336848497390747,
      3.301131248474121,
      3.1602072715759277,
      3.3487510681152344,
      3.5579094886779785,
      3.4081649780273438,
      3.3048815727233887,
      3.1939430236816406,
      3.2962920665740967,
      3.254455804824829,
      3.2285430431365967,
      3.2654075622558594,
      3.2580277919769287,
      3.3262441158294678,
      3.372865915298462,
      3.2158889770507812,
      3.2304065227508545,
      3.1474499702453613,
      3.439164638519287,
      2.3168914318084717,
      1.070863962173462
    ]
  },
  "vary_num_samples_32": {
    "score": 96.48944854736328,
    "per_frame_errors": [
      2.5627660751342773,
      5.634282112121582,
      4.954965591430664,
      4.9301228523254395,
      4.675815105438232,
      4.3557915687561035,
      4.117325782775879,
      3.824425458908081,
      3.6982810497283936,
      3.607994794845581,
      3.558067560195923,
      3.5337820053100586,
      3.4157297611236572,
      3.3911683559417725,
      3.343168020248413,
      3.1458799839019775,
      3.088763952255249,
      3.1026182174682617,
      3.070262908935547,
      3.2066993713378906,
      3.3524179458618164,
      3.18656063079834,
      3.1543266773223877,
      3.128891944885254,
      3.1618130207061768,
      3.1013896465301514,
      3.0975961685180664,
      3.353635311126709,
      2.2753500938415527,
      1.1393768787384033,
      1.0944645404815674,
      2.9738967418670654,
      3.022486686706543,
      3.3238158226013184,
      3.4747467041015625,
      3.5253207683563232,
      3.5346570014953613,
      3.622443675994873,
      3.681443214416504,
      3.7997257709503174,
      3.9091155529022217,
      4.082347393035889,
      4.090628147125244,
      4.08682918548584,
      4.076076507568359,
      4.14317512512207,
      4.147584915161133,
      4.080343723297119,
      3.9322543144226074,
      4.15911865234375,
      4.35097074508667,
      4.192842483520508,
      4.15589714050293,
      4.247142314910889,
      4.2433905601501465,
      4.33123779296875,
      4.1418538093566895,
      4.546557426452637,
      3.343924045562744,
      1.685499906539917,
      1.6070716381072998,
      4.062592029571533,
      4.033325672149658,
      4.523679733276367,
      4.56363582611084,
      4.584768772125244,
      4.650982856750488,
      4.820490837097168,
      4.884528160095215,
      4.8104705810546875,
      4.837697505950928,
      4.82583475112915,
      4.698991298675537,
      4.717170238494873,
      4.771447658538818,
      4.721347332000732,
      4.816733360290527,
      4.938721179962158,
      4.5693159103393555,
      4.372278690338135,
      4.134302616119385,
      3.985285997390747,
      3.8039207458496094,
      3.8267288208007812,
      3.693828582763672,
      3.591318130493164,
      3.4588537216186523,
      3.7152984142303467,
      2.5525319576263428,
      1.209062933921814,
      1.073187232017517,
      2.978410482406616,
      2.955122947692871,
      3.3064029216766357,
      3.398897886276245,
      3.360104560852051,
      3.3528053760528564,
      3.3395981788635254,
      3.442434787750244,
      3.3418915271759033,
      3.3053691387176514,
      3.2900230884552,
      3.312192678451538,
      3.341372013092041,
      3.3101389408111572,
      3.1670823097229004,
      3.3330135345458984,
      3.524610996246338,
      3.355865716934204,
      3.3077611923217773,
      3.337955951690674,
      3.2990264892578125,
      3.336836814880371,
      3.23796010017395,
      3.213667154312134,
      3.3289527893066406,
      3.309204339981079,
      3.4423956871032715,
      2.293856143951416,
      1.0669842958450317,
      1.0167299509048462,
      2.8224332332611084,
      2.7779130935668945,
      3.200972557067871,
      3.37829327583313,
      3.4414517879486084,
      3.338998317718506,
      3.3603103160858154,
      3.390976667404175,
      3.2603392601013184,
      3.2249155044555664,
      3.253477096557617,
      3.245944023132324,
      3.4342939853668213,
      3.593093156814575,
      3.3953418731689453,
      3.372607946395874,
      3.3158164024353027,
      3.3074541091918945,
      3.2142105102539062,
      3.2861833572387695,
      3.227457046508789,
      3.220660448074341,
      3.2867486476898193,
      3.277418613433838,
      3.3316073417663574,
      3.238527774810791,
      3.385345220565796,
      2.2842466831207275,
      1.084619402885437
    ]
  },
  "vary_num_samples_4": {
    "score": 96.37120056152344,