{
  "vary_num_samples_16": {
    "score": 87.69880676269531,
    "per_frame_errors": [
      19.908050537109375,
      41.91043472290039,
      35.702850341796875,
      36.15182113647461,
      34.82387161254883,
      33.6502799987793,
      32.822566986083984,
      31.53656578063965,
      30.613189697265625,
      29.004682540893555,
      27.19693374633789,
      23.81096076965332,
      21.52574348449707,
      19.814905166625977,
      18.534626007080078,
      17.34488868713379,
      16.720863342285156,
      16.01622772216797,
      15.551132202148438,
      14.931577682495117,
      14.586379051208496,
      14.283167839050293,
      14.223114013671875,
      13.790305137634277,
      13.44708251953125,
      13.056265830993652,
      12.919023513793945,
      13.361801147460938,
      9.246633529663086,
      6.234187602996826,
      5.92529821395874,
      12.212108612060547,
      10.602055549621582,
      11.620793342590332,
      11.46816635131836,
      11.256686210632324,
      11.141040802001953,
      11.056036949157715,
      11.18336009979248,
      11.054723739624023,
      10.875955581665039,
      10.770784378051758,
      10.715069770812988,
      10.542923927307129,
      10.485774993896484,
      10.455655097961426,
      10.357709884643555,
      10.260032653808594,
      10.267123222351074,
      10.275594711303711,
      10.21759033203125,
      10.171501159667969,
      10.196195602416992,
      10.216629981994629,
      10.380936622619629,
      10.334272384643555,
      10.340283393859863,
      10.672588348388672,
      7.585455417633057,
      5.23789644241333,
      5.030632019042969,
      10.671209335327148,
      9.014662742614746,
      9.87105655670166,
      9.910494804382324,
      9.912363052368164,
      9.878453254699707,
      9.818131446838379,
      9.859006881713867,
      9.911065101623535,
      10.07921028137207,
      10.158679008483887,
      10.040478706359863,
      9.899321556091309,
      9.90149974822998,
      9.820395469665527,
      9.787481307983398,
      9.854148864746094,
      9.715782165527344,
      9.635683059692383,
      9.658285140991211,
      9.700581550598145,
      9.682655334472656,
      9.73363971710205,
      9.741029739379883,
      9.713601112365723,
      9.934340476989746,
      10.389742851257324,
      7.338530540466309,
      5.088488578796387,
      4.898100852966309,
      10.36852741241455,
      8.805707931518555,
      9.727034568786621,
      9.555485725402832,
      9.517179489135742,
      9.56554126739502,
      9.605043411254883,
      9.720415115356445,
      9.69031047821045,
      9.704545974731445,
      9.757543563842773,
      9.904476165771484,
      9.852973937988281,
      9.833995819091797,
      9.788775444030762,
      9.884645462036133,
      9.813681602478027,
      9.774547576904297,
      9.822944641113281,
      9.75532341003418,
      9.738173484802246,
      9.8137788772583,
      9.887871742248535,
      9.972650527954102,
      9.980424880981445,
      10.121627807617188,
      10.626646995544434,
      7.545327663421631,
      5.20979642868042,
      4.8770976066589355,
      10.95777416229248,
      9.490582466125488,
      10.615408897399902,
      10.667847633361816,
      10.820094108581543,
      10.905357360839844,
      10.938526153564453,
      11.155783653259277,
      11.333349227905273,
      11.427326202392578,
      11.341434478759766,
      11.510422706604004,
      11.540069580078125,
      11.896980285644531,
      11.838178634643555,
      11.927541732788086,
      11.804551124572754,
      12.012426376342773,
      11.891775131225586,
      12.000993728637695,
      12.030355453491211,
      12.23247241973877,
      12.058599472045898,
      12.147720336914062,
      11.860929489135742,
      11.705086708068848,
      12.029043197631836,
      8.228655815124512,
      5.338074684143066
    ]
  },
  "vary_num_samples_32": {
    "score": 88.78248596191406,
    "per_frame_errors": [
      14.772390365600586,
      32.78213882446289,
      26.127702713012695,
      25.835369110107422,
      24.048681259155273,
      22.347822189331055,
      21.173572540283203,
      19.55649757385254,
      18.546579360961914,
      17.365158081054688,
      16.698196411132812,
      15.882369041442871,
      15.338936805725098,
      14.864277839660645,
      14.620002746582031,
      14.316279411315918,
      14.100608825683594,
      13.628416061401367,
      13.48996353149414,
      13.198259353637695,
      13.087286949157715,
      12.946378707885742,
      12.736322402954102,
      12.465331077575684,
      12.477096557617188,
      12.030314445495605,
      11.71783447265625,
      12.229425430297852,
      8.447966575622559,
      5.763933181762695,
      5.552976131439209,
      11.5952730178833,
      10.145051002502441,
      11.19555377960205,
      11.065563201904297,
      10.908068656921387,
      10.855807304382324,
      10.823362350463867,
      10.96441650390625,
      10.861977577209473,
      10.721152305603027,
      10.630926132202148,
      10.594820022583008,
      10.434398651123047,
      10.402674674987793,
      10.404224395751953,
      10.435385704040527,
      10.490877151489258,
      10.44688892364502,
      10.290520668029785,
      10.255877494812012,
      10.201151847839355,
      10.240350723266602,
      10.249723434448242,
      10.178558349609375,
      10.129290580749512,
      10.345025062561035,
      10.625069618225098,
      7.3297905921936035,
      5.152790546417236,
      4.951074600219727,
      10.548830032348633,
      9.001779556274414,
      9.863131523132324,
      9.890281677246094,
      9.88460922241211,
      9.880897521972656,
      9.835208892822266,
      9.855466842651367,
      9.893664360046387,
      10.062124252319336,
      10.144299507141113,
      10.035621643066406,
      9.923270225524902,
      9.933788299560547,
      9.854991912841797,
      9.788722038269043,
      9.83732795715332,
      9.795452117919922,
      9.877864837646484,
      9.880552291870117,
      9.794235229492188,
      9.764751434326172,
      9.861161231994629,
      9.883055686950684,
      9.827330589294434,
      9.856807708740234,
      10.330224990844727,
      7.445375919342041,
      5.166524410247803,
      4.73073148727417,
      10.142857551574707,
      8.74709415435791,
      9.685663223266602,
      9.586325645446777,
      9.565546989440918,
      9.589072227478027,
      9.612547874450684,
      9.724102973937988,
      9.68834400177002,
      9.696396827697754,
      9.756196022033691,
      9.88432788848877,
      9.838530540466309,
      9.818087577819824,
      9.799222946166992,
      9.8719482421875,
      9.797210693359375,
      9.750345230102539,
      9.818809509277344,
      9.881012916564941,
      9.958714485168457,
      10.001567840576172,
      9.933276176452637,
      9.963984489440918,
      10.024199485778809,
      10.217029571533203,
      10.760655403137207,
      7.41308069229126,
      5.017951488494873,
      4.9577555656433105,
      10.992891311645508,
      9.293058395385742,
      10.427501678466797,
      10.644248008728027,
      10.80179214477539,
      10.943766593933105,
      10.958393096923828,
      11.196242332458496,
      11.373839378356934,
      11.462827682495117,
      11.382851600646973,
      11.519892692565918,
      11.545742988586426,
      11.883689880371094,
      11.82419204711914,
      11.907112121582031,
      11.770922660827637,
      11.987626075744629,
      11.855840682983398,
      11.985239028930664,
      12.03259563446045,
      12.30551815032959,
      12.266950607299805,
      12.427398681640625,
      11.990150451660156,
      11.877432823181152,
      12.190770149230957,
      8.310147285461426,
      5.444516181945801
    ]
  },
  "vary_num_samples_4": {
    "score": 87.59584045410156,