{
  "vary_hist_percent_1": {
    "score": 89.52096557617188,
    "per_frame_errors": [
      18.90488052368164,
      20.97910499572754,
      14.787618637084961,
      13.078581809997559,
      11.537835121154785,
      10.572943687438965,
      9.783367156982422,
      9.118908882141113,
      8.72152328491211,
      8.434967041015625,
      8.142938613891602,
      7.980776786804199,
      7.840533256530762,
      7.782557010650635,
      7.906626224517822,
      8.18358325958252,
      8.212482452392578,
      8.95360279083252
    ]
  },
  "vary_hist_percent_10": {
    "score": 89.52345275878906,
    "per_frame_errors": [
      18.920528411865234,
      20.984487533569336,
      14.793137550354004,
      13.07956314086914,
      11.54037094116211,
      10.574142456054688,
      9.785984992980957,
      9.123095512390137,
      8.723645210266113,
      8.434081077575684,
      8.141380310058594,
      7.977887153625488,
      7.835958480834961,
      7.777525424957275,
      7.900150299072266,
      8.178568840026855,
      8.2069091796875,
      8.946863174438477
    ]
  },
  "vary_hist_percent_100": {
    "score": 89.76539611816406,
    "per_frame_errors": [
      14.96145248413086,
      17.86130714416504,
      13.499190330505371,
      12.287701606750488,
      11.085543632507324,
      10.292594909667969,
      9.623658180236816,
      9.04213809967041,
      8.704427719116211,
      8.462465286254883,
      8.207347869873047,
      8.068355560302734,
      7.951842308044434,
      7.901493549346924,
      8.038167953491211,
      8.326348304748535,
      8.353283882141113,
      9.107107162475586
    ]
  },
  "vary_hist_percent_125": {
    "score": 90.11798095703125,
    "per_frame_errors": [
      17.51123046875,
      19.809810638427734,
      14.056863784790039,
      12.414297103881836,
      10.9405517578125,
      9.963698387145996,
      9.18393611907959,
      8.57348918914795,
      8.178473472595215,
      7.901618480682373,
      7.661638259887695,
      7.532792091369629,
      7.422746181488037,
      7.345894813537598,
      7.444788932800293,
      7.745764255523682,
      7.767326354980469,
      8.463330268859863
    ]
  },
  "vary_hist_percent_15": {
    "score": 89.83160400390625,
    "per_frame_errors": [
      14.91204833984375,
      17.804397583007812,
      13.44943904876709,
      12.233641624450684,
      11.027763366699219,
      10.234962463378906,
      9.561930656433105,
      8.98110294342041,
      8.637702941894531,
      8.390229225158691,
      8.132676124572754,
      7.993027687072754,
      7.870977878570557,
      7.824800968170166,
      7.96421480178833,
      8.251358032226562,
      8.281709671020508,
      9.03222942352295
    ]
  },
  "vary_hist_percent_150": {
    "score": 91.16900634765625,
    "per_frame_errors": [
      13.00087833404541,
      15.662303924560547,
      11.698485374450684,
      10.533293724060059,
      9.439668655395508,
      8.693857192993164,
      8.065129280090332,
      7.583302021026611,
      7.30924129486084,
      7.117430686950684,
      6.938170909881592,
      6.8669819831848145,
      6.779998779296875,
      6.726388454437256,
      6.855000019073486,
      7.16113805770874,
      7.200944423675537,
      7.9042205810546875
    ]
  },
  "vary_hist_percent_200": {
    "score": 91.50776672363281,
    "per_frame_errors": [
      15.008977890014648,
      17.02318572998047,
      11.731011390686035,
      10.230363845825195,
      8.988203048706055,
      8.1771240234375,
      7.5264892578125,
      7.011707305908203,
      6.762000560760498,
      6.625137805938721,
      6.455691337585449,
      6.402648448944092,
      6.351330757141113,
      6.3244805335998535,
      6.443925380706787,
      6.695473670959473,
      6.731137275695801,
      7.418252944946289
    ]
  },
  "vary_hist_percent_30": {
    "score": 89.36956787109375,
    "per_frame_errors": [
      18.980634689331055,
      21.101606369018555,
      14.892993927001953,
      13.179313659667969,
      11.652569770812988,
      10.69278621673584,
      9.911989212036133,
      9.259651184082031,
      8.874308586120605,
      8.592564582824707,
      8.304335594177246,
      8.142449378967285,
      8.006974220275879,
      7.946545124053955,
      8.068161010742188,
      8.351088523864746,
      8.372509956359863,
      9.123319625854492
    ]
  },
  "vary_hist_percent_5": {
    "score": 89.92283630371094,
    "per_frame_errors": [
      14.897092819213867,
      17.769346237182617,
      13.415546417236328,
      12.191376686096191,
      10.97347640991211,
      10.173406600952148,
      9.493578910827637,
      8.900508880615234,
      8.549676895141602,
      8.300127983093262,
      8.038254737854004,
      7.895732402801514,
      7.772004127502441,
      7.726385116577148,
      7.862259864807129,
      8.146319389343262,
      8.182985305786133,
      8.924505233764648
    ]
  },
  "vary_hist_percent_50": {
    "score": 89.90921020507812,
    "per_frame_errors": [
      14.911367416381836,
      17.7692813873291,
      13.41429615020752,
      12.192662239074707,
      10.977873802185059,
      10.17884349822998,
      9.500988006591797,
      8.911154747009277,
      8.561873435974121,
      8.31375503540039,
      8.051624298095703,
      7.909010887145996,
      7.785824775695801,
      7.740518569946289,
      7.876104354858398,
      8.160590171813965,
      8.198307991027832,
      8.942695617675781
    ]
  },
  "vary_hist_percent_75": {
    "score": 89.46749877929688,
    "per_frame_errors": [
      18.956388473510742,
      21.0325927734375,
      14.835665702819824,
      13.126404762268066,
      11.586575508117676,
      10.621139526367188,
      9.831549644470215,
      9.170716285705566,
      8.776801109313965,
      8.493636131286621,
      8.203224182128906,
      8.04139232635498,
      7.901785850524902,
      7.842206001281738,
      7.965479850769043,
      8.242938995361328,
      8.273502349853516,
      9.014200210571289
    ]
  }
}