{
  "vary_alpha_weight_0.01": {
    "score": 88.33733367919922,
    "per_frame_errors": [
      19.732919692993164,
      22.12073516845703,
      15.823890686035156,
      14.177807807922363,
      12.671317100524902,
      11.715785026550293,
      10.898290634155273,
      10.262229919433594,
      9.8903226852417,
      9.581372261047363,
      9.272638320922852,
      9.114089965820312,
      8.983587265014648,
      8.90456485748291,
      8.992621421813965,
      9.311872482299805,
      9.363425254821777,
      10.149795532226562
    ]
  },
  "vary_alpha_weight_0.02": {
    "score": 89.09964752197266,
    "per_frame_errors": [
      15.448013305664062,
      18.529096603393555,
      14.13095474243164,
      12.956259727478027,
      11.760797500610352,
      10.965449333190918,
      10.26950740814209,
      9.696232795715332,
      9.365915298461914,
      9.104680061340332,
      8.83277416229248,
      8.693937301635742,
      8.575933456420898,
      8.51494026184082,
      8.63064956665039,
      8.941686630249023,
      8.988667488098145,
      9.763772010803223
    ]
  },
  "vary_alpha_weight_0.04": {
    "score": 89.53388214111328,
    "per_frame_errors": [
      18.88774299621582,
      20.973529815673828,
      14.782458305358887,
      13.071842193603516,
      11.530269622802734,
      10.561881065368652,
      9.772989273071289,
      9.109697341918945,
      8.712448120117188,
      8.42281436920166,
      8.129476547241211,
      7.9651594161987305,
      7.825922966003418,
      7.768683910369873,
      7.89157247543335,
      8.167978286743164,
      8.198834419250488,
      8.938175201416016
    ]
  },
  "vary_alpha_weight_0.06": {
    "score": 90.34649658203125,
    "per_frame_errors": [
      14.492765426635742,
      17.221843719482422,
      12.918846130371094,
      11.673946380615234,
      10.467756271362305,
      9.685303688049316,
      9.046236038208008,
      8.463569641113281,
      8.126263618469238,
      7.901403427124023,
      7.666321277618408,
      7.5310869216918945,
      7.415817737579346,
      7.377542018890381,
      7.536436080932617,
      7.8001203536987305,
      7.812658786773682,
      8.546274185180664
    ]
  },
  "vary_alpha_weight_0.1": {
    "score": 91.08075714111328,
    "per_frame_errors": [
      17.469955444335938,
      19.11182403564453,
      13.108774185180664,
      11.302852630615234,
      9.787938117980957,
      8.871114730834961,
      8.1826810836792,
      7.5321526527404785,
      7.145118236541748,
      6.918999671936035,
      6.682724952697754,
      6.542248249053955,
      6.417675018310547,
      6.387782096862793,
      6.5696001052856445,
      6.791022300720215,
      6.801301956176758,
      7.495721817016602
    ]
  },
  "vary_alpha_weight_0.2": {
    "score": 92.80769348144531,
    "per_frame_errors": [
      11.633398056030273,
      13.4786958694458,
      9.665904998779297,
      8.431451797485352,
      7.38651704788208,
      6.770649433135986,
      6.363367557525635,
      5.8836870193481445,
      5.645715713500977,
      5.5755085945129395,
      5.4477643966674805,
      5.379812717437744,
      5.307961940765381,
      5.313669681549072,
      5.548611640930176,
      5.728822708129883,
      5.72280216217041,
      6.400915145874023
    ]
  },
  "vary_alpha_weight_0.5": {
    "score": 94.11416625976562,
    "per_frame_errors": [
      11.059863090515137,
      11.648933410644531,
      7.447207927703857,
      6.222297191619873,
      5.387927532196045,
      4.943783760070801,
      4.756571292877197,
      4.491276741027832,
      4.41063928604126,
      4.453128814697266,
      4.386050224304199,
      4.33862829208374,
      4.266286849975586,
      4.234488010406494,
      4.44761323928833,
      4.589287757873535,
      4.572261810302734,
      5.239643096923828
    ]
  },
  "vary_alpha_weight_0.6": {
    "score": 94.65727996826172,
    "per_frame_errors": [
      7.036007404327393,
      8.151529312133789,
      5.807004451751709,
      5.2127366065979,
      4.7820844650268555,
      4.50431489944458,
      4.411215782165527,
      4.255630016326904,
      4.199305057525635,
      4.24847936630249,
      4.198705673217773,
      4.153619289398193,
      4.084444046020508,
      4.02870512008667,
      4.23100471496582,
      4.412332057952881,
      4.385143280029297,
      5.030519008636475
    ]
  },
  "vary_alpha_weight_0.7": {
    "score": 94.29438781738281,
    "per_frame_errors": [
      9.378815650939941,
      9.980769157409668,
      6.567005634307861,
      5.669376373291016,
      5.073012828826904,
      4.701163291931152,
      4.595070838928223,
      4.509132385253906,
      4.4358062744140625,
      4.451669216156006,
      4.41452693939209,
      4.379698753356934,
      4.315211772918701,
      4.21683931350708,
      4.398820400238037,
      4.647204875946045,
      4.590396881103516,
      5.218363285064697
    ]
  },
  "vary_alpha_weight_0.8": {
    "score": 94.63546752929688,
    "per_frame_errors": [
      6.094943046569824,
      7.317809104919434,
      5.410443305969238,
      5.042943477630615,
      4.751707553863525,
      4.467374801635742,
      4.413106441497803,
      4.448724269866943,
      4.3655924797058105,
      4.358072757720947,
      4.353774070739746,
      4.328045845031738,
      4.269321441650391,
      4.131784915924072,
      4.307923316955566,
      4.641887187957764,
      4.543524742126465,
      5.1312336921691895
    ]
  },
  "vary_alpha_weight_0.9": {
    "score": 94.2640380859375,
    "per_frame_errors": [
      8.324341773986816,
      9.056949615478516,
      6.259024143218994,
      5.5927324295043945,
      5.107283115386963,
      4.706498146057129,
      4.632047653198242,
      4.7524566650390625,
      4.618871212005615,
      4.562531471252441,
      4.585593223571777,
      4.574875831604004,
      4.527528285980225,
      4.342273235321045,
      4.497095108032227,
      4.940833568572998,
      4.786309719085693,
      5.326338291168213
    ]
  },
  "vary_alpha_weight_1.0": {
    "score": 94.16216278076172,
    "per_frame_errors": [
      5.734450817108154,
      7.18979024887085,
      5.5559797286987305,
      5.3710432052612305,
      5.178720951080322,
      4.829078197479248,
      4.820423126220703,
      5.106383800506592,
      4.944675922393799,
      4.846833229064941,
      4.923122882843018,
      4.948398113250732,
      4.913983345031738,
      4.6762166023254395,
      4.817958354949951,
      5.397515296936035,
      5.1721272468566895,
      5.6585211753845215
    ]
  }
}