{
  "vary_filter_size_0.1": {
    "score": 89.92048645019531,
    "per_frame_errors": [
      14.898503303527832,
      17.7701416015625,
      13.414149284362793,
      12.190376281738281,
      10.972981452941895,
      10.173941612243652,
      9.493420600891113,
      8.900197982788086,
      8.550591468811035,
      8.300572395324707,
      8.03976821899414,
      7.895650863647461,
      7.771809101104736,
      7.727026462554932,
      7.861989974975586,
      8.147059440612793,
      8.187847137451172,
      8.929683685302734
    ]
  },
  "vary_filter_size_0.25": {
    "score": 89.47062683105469,
    "per_frame_errors": [
      18.939409255981445,
      21.031274795532227,
      14.83011531829834,
      13.120983123779297,
      11.581942558288574,
      10.61899471282959,
      9.830830574035645,
      9.169353485107422,
      8.775203704833984,
      8.49321174621582,
      8.203991889953613,
      8.041956901550293,
      7.901927947998047,
      7.843084812164307,
      7.9648332595825195,
      8.243206024169922,
      8.270524024963379,
      9.00999927520752
    ]
  },
  "vary_filter_size_0.5": {
    "score": 89.78398132324219,
    "per_frame_errors": [
      14.938131332397461,
      17.83954620361328,
      13.48799991607666,
      12.272966384887695,
      11.066975593566895,
      10.276947975158691,
      9.604425430297852,
      9.022588729858398,
      8.683154106140137,
      8.439047813415527,
      8.186124801635742,
      8.048429489135742,
      7.928781986236572,
      7.880760669708252,
      8.017765998840332,
      8.30858039855957,
      8.340079307556152,
      9.091057777404785
    ]
  },
  "vary_filter_size_0.7": {
    "score": 89.3981704711914,
    "per_frame_errors": [
      18.954463958740234,
      21.077659606933594,
      14.868077278137207,
      13.154685974121094,
      11.626760482788086,
      10.665760040283203,
      9.886343002319336,
      9.231090545654297,
      8.843952178955078,
      8.559606552124023,
      8.272208213806152,
      8.113724708557129,
      7.977586269378662,
      7.919227600097656,
      8.043219566345215,
      8.325569152832031,
      8.34921932220459,
      9.094904899597168
    ]
  },
  "vary_filter_size_0.9": {
    "score": 89.92220306396484,
    "per_frame_errors": [
      14.897669792175293,
      17.768728256225586,
      13.413394927978516,
      12.190211296081543,
      10.972886085510254,
      10.17389965057373,
      9.492448806762695,
      8.898844718933105,
      8.54883098602295,
      8.298727035522461,
      8.038673400878906,
      7.894877910614014,
      7.773134231567383,
      7.726958274841309,
      7.8614091873168945,
      8.146467208862305,
      8.184778213500977,
      8.926652908325195
    ]
  },
  "vary_filter_size_0.95": {
    "score": 89.44085693359375,
    "per_frame_errors": [
      18.909868240356445,
      21.031230926513672,
      14.829011917114258,
      13.118403434753418,
      11.589579582214355,
      10.62523365020752,
      9.841011047363281,
      9.186834335327148,
      8.794275283813477,
      8.510695457458496,
      8.222206115722656,
      8.062318801879883,
      7.925027847290039,
      7.867844104766846,
      7.99276876449585,
      8.273721694946289,
      8.299033164978027,
      9.047554016113281
    ]
  },
  "vary_filter_size_1.0": {
    "score": 89.7619400024414,
    "per_frame_errors": [
      14.962010383605957,
      17.862268447875977,
      13.503173828125,
      12.291275024414062,
      11.086082458496094,
      10.295661926269531,
      9.624942779541016,
      9.04571533203125,
      8.710576057434082,
      8.465725898742676,
      8.209824562072754,
      8.070693969726562,
      7.9528279304504395,
      7.90455436706543,
      8.040493965148926,
      8.329911231994629,
      8.359006881713867,
      9.111302375793457
    ]
  }
}