{
  "vary_num_samples_16": {
    "score": 89.48391723632812,
    "per_frame_errors": [
      19.060256958007812,
      21.163644790649414,
      14.979655265808105,
      13.22116470336914,
      11.63206958770752,
      10.636008262634277,
      9.822032928466797,
      9.199688911437988,
      8.742021560668945,
      8.447066307067871,
      8.170512199401855,
      7.996074199676514,
      7.859306335449219,
      7.8291802406311035,
      7.856284141540527,
      8.169302940368652,
      8.201323509216309,
      8.952115058898926
    ]
  },
  "vary_num_samples_32": {
    "score": 89.98397064208984,
    "per_frame_errors": [
      14.632818222045898,
      17.54978370666504,
      13.291666984558105,
      12.10827922821045,
      10.912679672241211,
      10.127339363098145,
      9.467920303344727,
      8.932621955871582,
      8.535386085510254,
      8.29196834564209,
      8.058037757873535,
      7.904112815856934,
      7.78811502456665,
      7.768735885620117,
      7.847740173339844,
      8.224201202392578,
      8.199946403503418,
      8.861004829406738
    ]
  },
  "vary_num_samples_4": {
    "score": 89.20095825195312,
    "per_frame_errors": [
      19.166950225830078,
      21.406230926513672,
      15.289389610290527,
      13.708776473999023,
      12.132651329040527,
      11.0156888961792,
      10.193474769592285,
      9.587210655212402,
      9.0795316696167,
      8.745833396911621,
      8.449250221252441,
      8.304593086242676,
      8.10496711730957,
      8.017414093017578,
      8.080129623413086,
      8.420875549316406,
      8.416563987731934,
      9.167170524597168
    ]
  },
  "vary_num_samples_64": {
    "score": 89.46328735351562,
    "per_frame_errors": [
      18.21947479248047,
      21.02618408203125,
      14.593138694763184,
      12.98620319366455,
      11.64125919342041,
      10.659070014953613,
      9.888971328735352,
      9.279824256896973,
      8.823026657104492,
      8.536283493041992,
      8.311420440673828,
      8.205528259277344,
      8.063158988952637,
      8.026131629943848,
      8.106585502624512,
      8.450478553771973,
      8.42508316040039,
      9.037712097167969
    ]
  },
  "vary_num_samples_8": {
    "score": 89.76690673828125,
    "per_frame_errors": [
      14.961833953857422,
      17.85890007019043,
      13.502677917480469,
      12.288908004760742,
      11.082781791687012,
      10.292290687561035,
      9.6214017868042,
      9.03883171081543,
      8.702980995178223,
      8.460800170898438,
      8.207146644592285,
      8.067839622497559,
      7.951400279998779,
      7.9007039070129395,
      8.037687301635742,
      8.325538635253906,
      8.351120948791504,
      9.104068756103516
    ]
  }
}