{
  "vary_num_samples_16": {
    "score": 93.27787780761719,
    "per_frame_errors": [
      3.507915496826172,
      8.143492698669434,
      7.4716033935546875,
      7.625427722930908,
      7.385886192321777,
      7.160422325134277,
      7.04604959487915,
      6.702938556671143,
      6.521671295166016,
      6.381259918212891,
      6.347148418426514,
      6.3493547439575195,
      6.371872901916504,
      6.26667594909668,
      6.187045097351074,
      6.078242778778076,
      5.845417499542236,
      5.913076877593994,
      6.050037384033203,
      6.105511665344238,
      6.344096660614014,
      6.241870403289795,
      6.195202350616455,
      6.133579730987549,
      6.146360397338867,
      6.2334184646606445,
      6.035462856292725,
      6.5401129722595215,
      4.846614837646484,
      2.4550256729125977,
      2.142906904220581,
      5.7662482261657715,
      5.668086528778076,
      6.434029579162598,
      6.77659273147583,
      6.6152448654174805,
      6.7269606590271,
      6.775182247161865,
      6.959776401519775,
      7.163641452789307,
      7.103517055511475,
      7.197511196136475,
      7.198631286621094,
      7.1600470542907715,
      7.345557689666748,
      7.261088848114014,
      7.369546413421631,
      7.373239994049072,
      7.3227458000183105,
      7.386284828186035,
      7.5349602699279785,
      7.541016101837158,
      7.616190433502197,
      7.586597442626953,
      7.606632709503174,
      7.567189693450928,
      7.547178745269775,
      8.621994018554688,
      6.208400726318359,
      2.883354663848877,
      2.8726065158843994,
      7.47751522064209,
      7.311624050140381,
      7.9430413246154785,
      8.115699768066406,
      8.33199691772461,
      8.529865264892578,
      8.410977363586426,
      8.311278343200684,
      8.434678077697754,
      8.517749786376953,
      8.314709663391113,
      8.179553031921387,
      8.156534194946289,
      8.25821590423584,
      8.380518913269043,
      8.320185661315918,
      8.278701782226562,
      7.919344902038574,
      7.660628795623779,
      7.255764007568359,
      7.234699249267578,
      7.292980194091797,
      7.244269371032715,
      7.455763339996338,
      7.223313808441162,
      6.980479717254639,
      7.433865070343018,
      5.241894245147705,
      2.3829872608184814,
      2.2373132705688477,
      6.31696891784668,
      6.4924540519714355,
      7.274796485900879,
      7.185388565063477,
      6.910305500030518,
      6.766499996185303,
      6.926191806793213,
      7.062343597412109,
      6.9395222663879395,
      6.912396430969238,
      6.8533477783203125,
      7.047368049621582,
      7.205745697021484,
      6.95944356918335,
      6.943111896514893,
      6.9558024406433105,
      6.877879619598389,
      6.994550704956055,
      6.929934501647949,
      7.019768238067627,
      7.021965503692627,
      6.9886579513549805,
      7.0467071533203125,
      7.125192165374756,
      6.939764499664307,
      6.692183971405029,
      7.286475658416748,
      5.147992134094238,
      2.2768006324768066,
      2.189815044403076,
      6.4627814292907715,
      6.363657474517822,
      6.930634021759033,
      7.026413917541504,
      7.063395977020264,
      6.987318992614746,
      6.897513389587402,
      6.8770880699157715,
      7.016072750091553,
      7.152515411376953,
      7.009695053100586,
      6.910405158996582,
      6.9790167808532715,
      7.090249061584473,
      6.9461259841918945,
      6.8525261878967285,
      6.824518203735352,
      6.921780586242676,
      7.018146514892578,
      7.045553207397461,
      6.967898845672607,
      6.926596164703369,
      6.870669364929199,
      6.63807487487793,
      6.720852375030518,
      6.670709609985352,
      7.28765344619751,
      5.366915225982666,
      2.402867555618286
    ]
  },
  "vary_num_samples_32": {
    "score": 93.27781677246094,
    "per_frame_errors": [
      3.5077877044677734,
      8.143487930297852,
      7.4715681076049805,
      7.625532150268555,
      7.385892868041992,
      7.160623550415039,
      7.04611873626709,
      6.702961444854736,
      6.521785259246826,
      6.38140344619751,
      6.3471903800964355,
      6.349440097808838,
      6.371955394744873,
      6.266798973083496,
      6.18715763092041,
      6.078339099884033,
      5.845496654510498,
      5.913116931915283,
      6.0500617027282715,
      6.105526447296143,
      6.344111919403076,
      6.241420269012451,
      6.19490385055542,
      6.133180618286133,
      6.147660255432129,
      6.23396110534668,
      6.0351762771606445,
      6.539969444274902,
      4.846724987030029,
      2.455108404159546,
      2.147387742996216,
      5.81430196762085,
      5.792521953582764,
      6.426637172698975,
      6.717010974884033,
      6.573943614959717,
      6.8028340339660645,
      6.96942138671875,
      7.040824890136719,
      6.968057632446289,
      7.051925182342529,
      7.158559322357178,
      7.254751682281494,
      7.369659423828125,
      7.337882995605469,
      7.308380126953125,
      7.695886135101318,
      7.815110683441162,
      7.440303802490234,
      7.41541862487793,
      7.522765636444092,
      7.535069465637207,
      7.653110980987549,
      7.59700345993042,
      7.713710308074951,
      7.784336090087891,
      7.643800735473633,
      8.4350004196167,
      6.123952388763428,
      2.922671318054199,
      2.8924169540405273,
      7.502893447875977,
      7.324293613433838,
      7.992624282836914,
      8.154873847961426,
      8.383941650390625,
      8.506041526794434,
      8.458702087402344,
      8.35036563873291,
      8.381614685058594,
      8.268516540527344,
      8.079538345336914,
      8.106873512268066,
      8.231928825378418,
      8.35650634765625,
      8.432329177856445,
      8.360321998596191,
      8.202937126159668,
      8.125161170959473,
      7.766915798187256,
      7.455299377441406,
      7.299511909484863,
      7.420759201049805,
      7.369682788848877,
      7.278265953063965,
      7.103053569793701,
      6.833301544189453,
      7.235198497772217,
      5.085549354553223,
      2.332732677459717,
      2.1540615558624268,
      6.2608962059021,
      6.398303508758545,
      6.967776298522949,
      6.962606430053711,
      6.797423839569092,
      6.73134708404541,
      6.84644889831543,
      7.062460422515869,
      6.948232650756836,
      6.887335777282715,
      6.859854698181152,
      7.0519022941589355,
      7.1881632804870605,
      6.941108703613281,
      6.929232597351074,
      6.936406135559082,
      6.868856430053711,
      6.990787029266357,
      6.919661521911621,
      7.01481294631958,
      7.01437520980835,
      6.976686000823975,
      7.038812637329102,
      7.118275165557861,
      6.927924156188965,
      6.685885429382324,
      7.276252269744873,
      5.142270088195801,
      2.273555278778076,
      2.1890804767608643,
      6.456858158111572,
      6.356847763061523,
      6.923415184020996,
      7.0178751945495605,
      7.057016372680664,
      6.980517387390137,
      6.8899359703063965,
      6.870074272155762,
      7.008022785186768,
      7.144591331481934,
      7.001672744750977,
      6.903193950653076,
      6.970248222351074,
      7.082364559173584,
      6.938631534576416,
      6.8445281982421875,
      6.817821025848389,
      6.91558313369751,
      7.0126752853393555,
      7.040836334228516,
      6.9633989334106445,
      6.921175956726074,
      6.864251613616943,
      6.631331443786621,
      6.713359355926514,
      6.661314010620117,
      7.274779319763184,
      5.350144386291504,
      2.395798683166504
    ]
  },
  "vary_num_samples_4": {
    "score": 93.3310317993164,