{
  "vary_num_samples_16": {
    "score": 97.75635528564453,
    "per_frame_errors": [
      7.820703029632568,
      17.39801597595215,
      13.89335823059082,
      12.553482055664062,
      10.576278686523438,
      8.822737693786621,
      7.360472679138184,
      6.269852161407471,
      5.44395637512207,
      4.828310489654541,
      4.308774948120117,
      3.933671712875366,
      3.632685661315918,
      3.439652681350708,
      3.264434814453125,
      3.1707425117492676,
      3.0604183673858643,
      2.9157323837280273,
      2.7908599376678467,
      2.719632387161255,
      2.63895320892334,
      2.566035509109497,
      2.4926958084106445,
      2.4368350505828857,
      2.3762669563293457,
      2.3029751777648926,
      2.33862566947937,
      2.531761884689331,
      1.938354730606079,
      1.2798130512237549,
      1.010378122329712,
      2.1039109230041504,
      1.7946159839630127,
      1.8322207927703857,
      1.7961050271987915,
      1.7783573865890503,
      1.7418769598007202,
      1.7238420248031616,
      1.6953425407409668,
      1.7073273658752441,
      1.6976208686828613,
      1.670185923576355,
      1.6586376428604126,
      1.6744673252105713,
      1.6657476425170898,
      1.6419155597686768,
      1.6111786365509033,
      1.5834635496139526,
      1.5572417974472046,
      1.5411070585250854,
      1.5133452415466309,
      1.4647035598754883,
      1.4519606828689575,
      1.4652619361877441,
      1.4950025081634521,
      1.5282866954803467,
      1.5958735942840576,
      1.6450693607330322,
      1.1739609241485596,
      0.7933691143989563,
      0.7669268250465393,
      1.6099549531936646,
      1.3732532262802124,
      1.4250024557113647,
      1.4101554155349731,
      1.438910961151123,
      1.480719804763794,
      1.5156688690185547,
      1.531226634979248,
      1.5305548906326294,
      1.5277907848358154,
      1.5286508798599243,
      1.5055842399597168,
      1.5205748081207275,
      1.514796495437622,
      1.5521512031555176,
      1.6008408069610596,
      1.6937813758850098,
      1.7085798978805542,
      1.7326580286026,
      1.833533763885498,
      1.8961328268051147,
      1.9034780263900757,
      1.9273228645324707,
      1.9441367387771606,
      1.913983941078186,
      1.962228775024414,
      2.151966094970703,
      1.8202608823776245,
      1.1648448705673218,
      0.8151617646217346,
      1.5882734060287476,
      1.3400219678878784,
      1.389874815940857,
      1.398189663887024,
      1.3795429468154907,
      1.3635581731796265,
      1.3339258432388306,
      1.3180153369903564,
      1.320338249206543,
      1.2995539903640747,
      1.2699655294418335,
      1.239079236984253,
      1.2400482892990112,
      1.2751336097717285,
      1.2729921340942383,
      1.3053319454193115,
      1.3440757989883423,
      1.3559355735778809,
      1.3631012439727783,
      1.3373647928237915,
      1.3547194004058838,
      1.3804494142532349,
      1.3953441381454468,
      1.3734861612319946,
      1.3424301147460938,
      1.3151540756225586,
      1.3772307634353638,
      0.9894362688064575,
      0.6777822971343994,
      0.6397823095321655,
      1.4166723489761353,
      1.3064333200454712,
      1.449610710144043,
      1.4817951917648315,
      1.4962654113769531,
      1.5000591278076172,
      1.4838831424713135,
      1.5130921602249146,
      1.5313189029693604,
      1.5568863153457642,
      1.5752488374710083,
      1.6134655475616455,
      1.6611677408218384,
      1.7435836791992188,
      1.7283178567886353,
      1.7117226123809814,
      1.7201437950134277,
      1.7219929695129395,
      1.7570903301239014,
      1.7895158529281616,
      1.9066081047058105,
      1.94138765335083,
      2.0105228424072266,
      2.126523494720459,
      2.245542526245117,
      2.375622034072876,
      2.878821849822998,
      1.7204363346099854,
      0.9831375479698181
    ]
  },
  "vary_num_samples_32": {
    "score": 97.81909942626953,
    "per_frame_errors": [
      6.5316667556762695,
      15.43294906616211,
      12.530863761901855,
      11.426941871643066,
      9.731494903564453,
      8.232779502868652,
      6.947882175445557,
      5.978868007659912,
      5.23795747756958,
      4.674089431762695,
      4.192835807800293,
      3.8440475463867188,
      3.569392442703247,
      3.388350486755371,
      3.2137622833251953,
      3.0890274047851562,
      2.9659712314605713,
      2.8214197158813477,
      2.74147367477417,
      2.711158275604248,
      2.6698086261749268,
      2.6013271808624268,
      2.5079638957977295,
      2.431816577911377,
      2.362447500228882,
      2.314265489578247,
      2.333549737930298,
      2.524982213973999,
      1.944227933883667,
      1.2836065292358398,
      0.9914137125015259,
      2.082597017288208,
      1.7885576486587524,
      1.824811577796936,
      1.7890000343322754,
      1.7729833126068115,
      1.7375136613845825,
      1.721838116645813,
      1.6915305852890015,
      1.7027230262756348,
      1.695816159248352,
      1.6692276000976562,
      1.6576436758041382,
      1.6748683452606201,
      1.6649956703186035,
      1.640526294708252,
      1.5970022678375244,
      1.5620501041412354,
      1.5520483255386353,
      1.5416628122329712,
      1.5094999074935913,
      1.4761567115783691,
      1.476670503616333,
      1.4772601127624512,
      1.506274938583374,
      1.5267529487609863,
      1.5676244497299194,
      1.6272975206375122,
      1.1670488119125366,
      0.7843769788742065,
      0.7616967558860779,
      1.5919088125228882,
      1.3608261346817017,
      1.4166053533554077,
      1.4098761081695557,
      1.4363634586334229,
      1.4760265350341797,
      1.5140259265899658,
      1.5304522514343262,
      1.5287504196166992,
      1.5284554958343506,
      1.528199315071106,
      1.5042287111282349,
      1.5182182788848877,
      1.5144950151443481,
      1.5518412590026855,
      1.6012287139892578,
      1.6915253400802612,
      1.6823629140853882,
      1.709747314453125,
      1.8228741884231567,
      1.8830121755599976,
      1.8882992267608643,
      1.948300838470459,
      1.9980273246765137,
      2.004479169845581,
      2.016596794128418,
      2.0930068492889404,
      1.7718299627304077,
      1.1667572259902954,
      0.8129781484603882,
      1.5635937452316284,
      1.3205868005752563,
      1.3713338375091553,
      1.3599605560302734,
      1.3387306928634644,
      1.3407175540924072,
      1.3197853565216064,
      1.305747389793396,
      1.3125661611557007,
      1.294998049736023,
      1.2669191360473633,
      1.2383953332901,
      1.2402652502059937,
      1.2745602130889893,
      1.2731356620788574,
      1.3059147596359253,
      1.3438833951950073,
      1.3556445837020874,
      1.3625030517578125,
      1.3352662324905396,
      1.3356082439422607,
      1.3533179759979248,
      1.3850337266921997,
      1.3573445081710815,
      1.3401787281036377,
      1.3393903970718384,
      1.3953821659088135,
      0.9914665222167969,
      0.6723175644874573,
      0.6428740620613098,
      1.4336168766021729,
      1.3121774196624756,
      1.4401174783706665,
      1.4586142301559448,
      1.472126841545105,
      1.4841471910476685,
      1.4719502925872803,
      1.5051069259643555,
      1.5256142616271973,
      1.550886869430542,
      1.5711685419082642,
      1.6106394529342651,
      1.6628962755203247,
      1.7470366954803467,
      1.731227159500122,
      1.714552879333496,
      1.7222979068756104,
      1.7264312505722046,
      1.7605124711990356,
      1.7950506210327148,
      1.9121814966201782,
      1.9522294998168945,
      2.014299154281616,
      2.1222331523895264,
      2.22033953666687,
      2.3560216426849365,
      2.8480093479156494,
      1.7127892971038818,
      0.9852439165115356
    ]
  },
  "vary_num_samples_4": {
    "score": 97.71221160888672,