{
  "vary_hist_percent_100": {
    "score": 97.17546081542969,
    "per_frame_errors": [
      2.5433361530303955,
      6.730047225952148,
      5.068934440612793,
      4.950955867767334,
      4.437489032745361,
      3.968799352645874,
      3.5841121673583984,
      3.1831741333007812,
      2.873945713043213,
      2.6743080615997314,
      2.5618889331817627,
      2.3942458629608154,
      2.324552059173584,
      2.3264853954315186,
      2.2852962017059326,
      2.1914193630218506,
      2.1160264015197754,
      2.06156587600708,
      2.064687490463257,
      1.980228066444397,
      1.9625941514968872,
      1.9792721271514893,
      1.961363434791565,
      1.9022092819213867,
      1.8910903930664062,
      1.9395074844360352,
      1.9683359861373901,
      2.062227964401245,
      1.3817932605743408,
      0.9219306111335754,
      0.8713895082473755,
      2.0696933269500732,
      1.7504302263259888,
      1.904788613319397,
      1.9236468076705933,
      1.9005569219589233,
      1.917242407798767,
      1.9777109622955322,
      2.005064010620117,
      1.9564682245254517,
      1.8987065553665161,
      1.8813637495040894,
      1.8991700410842896,
      1.881914734840393,
      1.852425456047058,
      1.8606635332107544,
      1.8637678623199463,
      1.8507798910140991,
      1.8310267925262451,
      1.8307676315307617,
      1.8680981397628784,
      1.8394396305084229,
      1.8455932140350342,
      1.879622220993042,
      1.9156407117843628,
      1.919015645980835,
      1.8790897130966187,
      2.034506320953369,
      1.4247970581054688,
      0.9596275687217712,
      0.88339763879776,
      2.166642189025879,
      1.9460456371307373,
      2.097327709197998,
      2.09910249710083,
      2.157196521759033,
      2.265399217605591,
      2.2827775478363037,
      2.358257532119751,
      2.401292324066162,
      2.4291186332702637,
      2.413536310195923,
      2.473346710205078,
      2.5772135257720947,
      2.6709601879119873,
      2.6342339515686035,
      2.6333541870117188,
      2.6409409046173096,
      2.8416213989257812,
      2.8988842964172363,
      2.892265558242798,
      2.932847261428833,
      3.104929208755493,
      3.177501916885376,
      3.18344783782959,
      3.1385042667388916,
      3.1319665908813477,
      3.3105478286743164,
      2.6428396701812744,
      1.921764612197876,
      1.6199865341186523,
      3.3005521297454834,
      2.905738592147827,
      3.1624042987823486,
      3.1688170433044434,
      3.0853240489959717,
      3.070347547531128,
      3.0046591758728027,
      2.9908506870269775,
      2.937204122543335,
      3.017024517059326,
      3.151804208755493,
      3.2586867809295654,
      3.180507183074951,
      3.1461966037750244,
      3.393827438354492,
      3.465177059173584,
      3.37319278717041,
      3.4041998386383057,
      3.350120782852173,
      3.391812562942505,
      3.374321460723877,
      3.4247183799743652,
      3.486680507659912,
      3.508965015411377,
      3.4177651405334473,
      3.4825727939605713,
      3.736612558364868,
      2.945162773132324,
      2.1266722679138184,
      2.013939619064331,
      3.8946685791015625,
      3.467829704284668,
      3.679553270339966,
      3.6181838512420654,
      3.681215286254883,
      3.7245326042175293,
      3.7858521938323975,
      3.8227760791778564,
      3.795734405517578,
      3.6806366443634033,
      3.694551706314087,
      3.7443504333496094,
      3.8307878971099854,
      3.8503849506378174,
      3.8553292751312256,
      3.9213409423828125,
      3.9223597049713135,
      3.941518783569336,
      3.9986019134521484,
      3.9845242500305176,
      4.113154888153076,
      4.362447738647461,
      4.756772994995117,
      4.796168804168701,
      4.925087928771973,
      4.99015998840332,
      5.519896984100342,
      3.927274227142334,
      2.4069628715515137
    ]
  },
  "vary_hist_percent_125": {
    "score": 97.45494079589844,
    "per_frame_errors": [
      2.1975526809692383,
      5.975979804992676,
      4.522022247314453,
      4.458724498748779,
      4.018715858459473,
      3.5771610736846924,
      3.239159345626831,
      2.8615779876708984,
      2.5911073684692383,
      2.4294183254241943,
      2.301964044570923,
      2.19354248046875,
      2.1171514987945557,
      2.10099196434021,
      2.0860307216644287,
      1.9857757091522217,
      1.9210529327392578,
      1.8903069496154785,
      1.865571141242981,
      1.839495062828064,
      1.8227384090423584,
      1.8266934156417847,
      1.8204967975616455,
      1.7610732316970825,
      1.7503620386123657,
      1.7988169193267822,
      1.783847689628601,
      1.9039334058761597,
      1.2796814441680908,
      0.8549082279205322,
      0.8158822655677795,
      1.9002652168273926,
      1.5858391523361206,
      1.7307307720184326,
      1.7335773706436157,
      1.7429625988006592,
      1.754244327545166,
      1.8055634498596191,
      1.8435256481170654,
      1.7884328365325928,
      1.717799186706543,
      1.698861837387085,
      1.699578046798706,
      1.7126109600067139,
      1.683624267578125,
      1.6876730918884277,
      1.6992270946502686,
      1.6732977628707886,
      1.6466985940933228,
      1.6422243118286133,
      1.6535202264785767,
      1.6593281030654907,
      1.659920334815979,
      1.682435393333435,
      1.7275331020355225,
      1.7104222774505615,
      1.671650767326355,
      1.8089619874954224,
      1.252271294593811,
      0.8523904085159302,
      0.7829570770263672,
      1.9383825063705444,
      1.7397234439849854,
      1.8810539245605469,
      1.8799558877944946,
      1.9305999279022217,
      2.0177557468414307,
      2.0656659603118896,
      2.1129379272460938,
      2.1281347274780273,
      2.1716887950897217,
      2.1587588787078857,
      2.194915533065796,
      2.2996010780334473,
      2.373241424560547,
      2.3900680541992188,
      2.3912227153778076,
      2.3771228790283203,
      2.57853627204895,
      2.605665922164917,
      2.575315237045288,
      2.6257612705230713,
      2.7831385135650635,
      2.906442880630493,
      2.8924360275268555,
      2.807659149169922,
      2.813098907470703,
      2.9847028255462646,
      2.36506986618042,
      1.7198505401611328,
      1.4301484823226929,
      2.995572805404663,
      2.6424450874328613,
      2.849076509475708,
      2.8491463661193848,
      2.7702550888061523,
      2.727470874786377,
      2.6838815212249756,
      2.6646854877471924,
      2.6760051250457764,
      2.7492477893829346,
      2.85678768157959,
      2.9274842739105225,
      2.8522284030914307,
      2.806591033935547,
      3.023423671722412,
      3.0884549617767334,
      3.06174373626709,
      3.088312864303589,
      3.0152273178100586,
      3.038130044937134,
      3.0167109966278076,
      3.029081106185913,
      3.0860486030578613,
      3.103637218475342,
      3.10075306892395,
      3.176788806915283,
      3.380769968032837,
      2.6420178413391113,
      1.9222792387008667,
      1.7644869089126587,
      3.4823062419891357,
      3.1048102378845215,
      3.336857557296753,
      3.2749853134155273,
      3.2981534004211426,
      3.3326778411865234,
      3.411358118057251,
      3.4207851886749268,
      3.389692544937134,
      3.302405834197998,
      3.3635060787200928,
      3.4144179821014404,
      3.436784505844116,
      3.429126024246216,
      3.4464974403381348,
      3.5017011165618896,
      3.518563985824585,
      3.5329196453094482,
      3.6387779712677,
      3.620845079421997,
      3.690476894378662,
      3.9467785358428955,
      4.300386905670166,
      4.322267532348633,
      4.439755439758301,
      4.509037971496582,
      5.007729530334473,
      3.5785481929779053,
      2.1791415214538574
    ]
  },
  "vary_hist_percent_200": {
    "score": 97.78692626953125,