{
  "DEFAULT": 87.93820190429688,
  "vary_mobileconfig_1": 87.97712707519531,
  "vary_rgbhist_0": 87.99740600585938,
  "vary_rgbhist_1": 87.84772491455078,
  "vary_taapause": 87.88170623779297,
  "vary_taaquality_0": 88.2592544555664,
  "vary_taaquality_1": 88.0761947631836,
  "vary_taaquality_3": 88.08485412597656,
  "vary_upsampling_0": 87.95608520507812,
  "vary_upscaler_0": 87.95658874511719
}