{
  "vary_num_samples_16": 89.49217224121094,
  "vary_num_samples_32": 89.36595153808594,
  "vary_num_samples_4": 90.00940704345703,
  "vary_num_samples_64": 89.39603424072266,
  "vary_num_samples_8": 89.32959747314453
}