{
  "vary_num_samples_16": {
    "score": 82.96293640136719,
    "per_frame_errors": [
      38.19131088256836,
      77.50181579589844,
      55.19428253173828,
      48.702545166015625,
      41.93932342529297,
      36.37316131591797,
      32.503910064697266,
      29.184494018554688,
      26.564895629882812,
      24.542457580566406,
      22.867563247680664,
      21.254127502441406,
      20.199337005615234,
      19.30502700805664,
      18.363412857055664,
      17.75425910949707,
      17.425188064575195,
      17.12107276916504,
      16.601154327392578,
      16.415910720825195,
      16.098661422729492,
      15.860742568969727,
      15.999029159545898,
      15.908870697021484,
      15.713457107543945,
      15.659720420837402,
      16.10158920288086,
      16.589244842529297,
      12.261841773986816,
      9.3307523727417,
      9.177545547485352,
      18.2247257232666,
      14.849898338317871,
      16.010982513427734,
      15.905184745788574,
      16.0039005279541,
      15.953474998474121,
      15.883344650268555,
      16.16239356994629,
      16.250120162963867,
      16.15876007080078,
      16.270078659057617,
      16.282026290893555,
      16.125246047973633,
      16.218647003173828,
      16.2008113861084,
      15.970649719238281,
      15.870499610900879,
      16.099159240722656,
      16.159746170043945,
      15.986321449279785,
      15.963661193847656,
      15.857172012329102,
      15.658226013183594,
      15.773138999938965,
      15.729853630065918,
      16.03282356262207,
      16.68398666381836,
      11.697120666503906,
      7.821828842163086,
      8.43838119506836,
      17.411754608154297,
      13.920060157775879,
      14.719544410705566,
      14.701967239379883,
      14.626266479492188,
      14.331670761108398,
      14.053553581237793,
      13.744342803955078,
      13.492501258850098,
      13.358732223510742,
      13.233724594116211,
      13.01008129119873,
      12.815067291259766,
      12.565478324890137,
      12.296235084533691,
      12.143044471740723,
      12.10974407196045,
      11.975248336791992,
      11.93577766418457,
      12.106215476989746,
      12.223943710327148,
      12.242874145507812,
      12.158979415893555,
      12.151227951049805,
      12.117166519165039,
      12.550320625305176,
      13.638113975524902,
      9.794398307800293,
      6.127405643463135,
      7.145411968231201,
      14.548830032348633,
      12.167241096496582,
      12.998143196105957,
      12.937228202819824,
      12.987020492553711,
      13.250986099243164,
      13.59220027923584,
      13.679193496704102,
      13.830291748046875,
      13.93184757232666,
      14.202217102050781,
      14.548849105834961,
      14.842118263244629,
      14.875082969665527,
      15.003026962280273,
      15.08497142791748,
      15.006963729858398,
      15.218131065368652,
      15.260169982910156,
      15.170098304748535,
      15.216802597045898,
      15.442046165466309,
      15.603920936584473,
      15.434563636779785,
      15.48582935333252,
      15.812310218811035,
      16.715227127075195,
      11.714421272277832,
      8.247407913208008,
      8.589049339294434,
      17.786758422851562,
      14.616929054260254,
      15.51166820526123,
      15.768304824829102,
      15.801922798156738,
      15.672565460205078,
      15.795150756835938,
      16.09524154663086,
      16.419116973876953,
      16.429183959960938,
      16.715309143066406,
      16.790374755859375,
      16.870323181152344,
      17.311098098754883,
      17.607376098632812,
      17.751264572143555,
      18.04259490966797,
      18.438718795776367,
      18.82356834411621,
      19.497604370117188,
      20.140058517456055,
      20.760639190673828,
      21.8237361907959,
      23.15689468383789,
      24.5942440032959,
      26.076744079589844,
      29.92249298095703,
      20.715566635131836,
      11.578893661499023
    ]
  },
  "vary_num_samples_32": {
    "score": 83.54080963134766,
    "per_frame_errors": [
      36.92666244506836,
      75.49803161621094,
      53.59823989868164,
      47.252506256103516,
      40.665077209472656,
      35.222591400146484,
      31.442495346069336,
      28.14487648010254,
      25.529939651489258,
      23.48383140563965,
      21.730493545532227,
      20.074872970581055,
      19.008058547973633,
      18.079042434692383,
      17.23693084716797,
      16.815792083740234,
      16.331703186035156,
      15.709550857543945,
      15.399337768554688,
      15.180428504943848,
      14.99667739868164,
      14.91094970703125,
      14.610381126403809,
      14.534008026123047,
      14.486150741577148,
      14.062273025512695,
      14.403433799743652,
      15.462385177612305,
      11.242603302001953,
      8.268933296203613,
      8.350968360900879,
      16.67757225036621,
      13.635537147521973,
      14.818499565124512,
      14.741813659667969,
      14.850709915161133,
      14.814026832580566,
      14.803380012512207,
      15.111637115478516,
      15.237226486206055,
      15.159899711608887,
      15.292402267456055,
      15.32480239868164,
      15.167839050292969,
      15.29348373413086,
      15.330604553222656,
      15.2794828414917,
      15.397871971130371,
      15.404123306274414,
      15.165275573730469,
      15.235445022583008,
      15.310567855834961,
      15.465815544128418,
      15.460391998291016,
      15.163015365600586,
      15.096256256103516,
      15.461350440979004,
      15.707310676574707,
      10.896641731262207,
      7.486607551574707,
      8.200804710388184,
      16.85623550415039,
      13.412355422973633,
      14.031469345092773,
      14.083955764770508,
      14.085858345031738,
      13.803315162658691,
      13.548075675964355,
      13.223823547363281,
      12.986047744750977,
      12.860757827758789,
      12.713371276855469,
      12.51200008392334,
      12.316963195800781,
      12.055891036987305,
      11.782529830932617,
      11.634519577026367,
      11.603978157043457,
      11.523273468017578,
      11.557416915893555,
      11.648419380187988,
      11.555145263671875,
      11.646167755126953,
      11.69243335723877,
      11.802816390991211,
      11.873764991760254,
      12.123160362243652,
      13.106496810913086,
      9.286864280700684,
      5.64686393737793,
      6.6026129722595215,
      13.935704231262207,
      11.899927139282227,
      12.661328315734863,
      12.638657569885254,
      12.64713191986084,
      12.957723617553711,
      13.345309257507324,
      13.479410171508789,
      13.667770385742188,
      13.8109769821167,
      14.190778732299805,
      14.540546417236328,
      14.799492835998535,
      14.8245849609375,
      14.945962905883789,
      15.001238822937012,
      14.903708457946777,
      15.107233047485352,
      15.145641326904297,
      15.181854248046875,
      15.457910537719727,
      15.553265571594238,
      15.359740257263184,
      15.381468772888184,
      15.444498062133789,
      15.895341873168945,
      16.909757614135742,
      11.585827827453613,
      8.064566612243652,
      8.541351318359375,
      17.51935386657715,
      14.146845817565918,
      15.424739837646484,
      15.748202323913574,
      15.633267402648926,
      15.520875930786133,
      15.542872428894043,
      15.843268394470215,
      16.21294403076172,
      16.244455337524414,
      16.538312911987305,
      16.611568450927734,
      16.670564651489258,
      17.11982536315918,
      17.415794372558594,
      17.560909271240234,
      17.83349609375,
      18.222835540771484,
      18.602672576904297,
      19.273723602294922,
      19.911766052246094,
      20.695465087890625,
      22.03960418701172,
      23.118623733520508,
      24.233396530151367,
      25.954954147338867,
      29.866716384887695,
      20.63668441772461,
      11.630447387695312
    ]
  },
  "vary_num_samples_4": {
    "score": 82.85186767578125,