{
  "vary_num_samples_16": {
    "score": 98.1994400024414,
    "per_frame_errors": [
      2.6303741931915283,
      6.519404411315918,
      5.079808712005615,
      4.6233134269714355,
      3.921184778213501,
      3.407650947570801,
      3.034371852874756,
      2.727440357208252,
      2.4933526515960693,
      2.3059890270233154,
      2.135639190673828,
      2.013227701187134,
      1.899568796157837,
      1.8134516477584839,
      1.7400639057159424,
      1.6737288236618042,
      1.6249480247497559,
      1.6130390167236328,
      1.6344895362854004,
      1.6415492296218872,
      1.6194556951522827,
      1.6190065145492554,
      1.531335473060608,
      1.3758717775344849,
      1.2679191827774048,
      1.2514582872390747,
      1.210301399230957,
      1.2661316394805908,
      0.9140139222145081,
      0.6606669425964355,
      0.573851466178894,
      1.1858254671096802,
      1.0724471807479858,
      1.152984619140625,
      1.1663275957107544,
      1.1365083456039429,
      1.1435579061508179,
      1.1742267608642578,
      1.2390358448028564,
      1.212633490562439,
      1.151606798171997,
      1.1457940340042114,
      1.164397120475769,
      1.1897499561309814,
      1.2132471799850464,
      1.243859052658081,
      1.2466362714767456,
      1.2323768138885498,
      1.2996559143066406,
      1.3845112323760986,
      1.405868649482727,
      1.3575708866119385,
      1.300452709197998,
      1.342270016670227,
      1.4131481647491455,
      1.4309090375900269,
      1.4179646968841553,
      1.540023684501648,
      1.1576356887817383,
      0.7787940502166748,
      0.8011162281036377,
      1.5303946733474731,
      1.2821835279464722,
      1.2506095170974731,
      1.254712462425232,
      1.2473162412643433,
      1.192846417427063,
      1.0947824716567993,
      1.0311909914016724,
      1.0190234184265137,
      1.0467853546142578,
      1.063531517982483,
      1.0370954275131226,
      1.0057228803634644,
      1.0081655979156494,
      1.0208463668823242,
      1.0458048582077026,
      1.0641686916351318,
      1.0737887620925903,
      1.092436671257019,
      1.081660270690918,
      1.0343594551086426,
      0.975853681564331,
      0.9582319259643555,
      0.9655179381370544,
      0.9938018321990967,
      0.9904628992080688,
      1.0295774936676025,
      0.6805208921432495,
      0.4323252737522125,
      0.4230620563030243,
      0.9744890332221985,
      0.9046518206596375,
      1.0500136613845825,
      1.1836025714874268,
      1.278623104095459,
      1.2504907846450806,
      1.119645357131958,
      1.1183502674102783,
      1.0673574209213257,
      1.0406181812286377,
      1.0702435970306396,
      1.1327085494995117,
      1.1502002477645874,
      1.1651747226715088,
      1.2011022567749023,
      1.2325913906097412,
      1.383474588394165,
      1.752021312713623,
      2.072119951248169,
      2.265782117843628,
      2.387514352798462,
      2.419929027557373,
      2.426281690597534,
      2.394592523574829,
      2.376255750656128,
      2.3569648265838623,
      2.4403693675994873,
      2.097404718399048,
      1.5958027839660645,
      1.2613338232040405,
      2.3135344982147217,
      2.107895851135254,
      2.1794238090515137,
      2.221910238265991,
      2.1877405643463135,
      2.2098522186279297,
      2.2104239463806152,
      2.430253267288208,
      2.6767334938049316,
      2.7959656715393066,
      2.9562697410583496,
      3.091118812561035,
      3.1845786571502686,
      3.340360403060913,
      3.3384711742401123,
      3.277698040008545,
      3.304887533187866,
      3.3068764209747314,
      3.3013999462127686,
      3.3722617626190186,
      3.383094072341919,
      3.4535927772521973,
      3.4500224590301514,
      3.557504892349243,
      3.7011878490448,
      3.9458303451538086,
      4.5298590660095215,
      3.420360803604126,
      2.2151639461517334
    ]
  },
  "vary_num_samples_32": {
    "score": 98.19271087646484,
    "per_frame_errors": [
      2.4072229862213135,
      6.1545023918151855,
      4.835981845855713,
      4.475681781768799,
      3.830836534500122,
      3.3496286869049072,
      3.0134479999542236,
      2.7176895141601562,
      2.4798085689544678,
      2.2958924770355225,
      2.124396800994873,
      2.0032899379730225,
      1.8926167488098145,
      1.8099926710128784,
      1.7543383836746216,
      1.7165508270263672,
      1.6478214263916016,
      1.6308645009994507,
      1.6577504873275757,
      1.6478689908981323,
      1.635919451713562,
      1.6387752294540405,
      1.5270023345947266,
      1.3965225219726562,
      1.327457070350647,
      1.2969462871551514,
      1.2443917989730835,
      1.2887470722198486,
      0.9232419729232788,
      0.6547471284866333,
      0.5839731693267822,
      1.2028933763504028,
      1.0895541906356812,
      1.163322925567627,
      1.172947645187378,
      1.1435831785202026,
      1.1502729654312134,
      1.1794157028198242,
      1.2451242208480835,
      1.2179388999938965,
      1.1553559303283691,
      1.149222731590271,
      1.168509840965271,
      1.1943135261535645,
      1.21725332736969,
      1.2475165128707886,
      1.260758399963379,
      1.2599480152130127,
      1.3154265880584717,
      1.4034072160720825,
      1.4342457056045532,
      1.3692896366119385,
      1.3095130920410156,
      1.3510547876358032,
      1.3836605548858643,
      1.388459324836731,
      1.411021113395691,
      1.5448681116104126,
      1.161166787147522,
      0.7811235189437866,
      0.8085038661956787,
      1.5414167642593384,
      1.2979340553283691,
      1.2589925527572632,
      1.2593072652816772,
      1.2477205991744995,
      1.1896038055419922,
      1.09226393699646,
      1.029587984085083,
      1.0178738832473755,
      1.0461775064468384,
      1.061838984489441,
      1.0346120595932007,
      1.004855990409851,
      1.0061720609664917,
      1.0191397666931152,
      1.0435978174209595,
      1.0631499290466309,
      1.0896114110946655,
      1.14804208278656,
      1.1194688081741333,
      1.0477532148361206,
      0.9932005405426025,
      0.9702484011650085,
      0.9811838269233704,
      1.0161528587341309,
      0.9827471375465393,
      1.013954520225525,
      0.6944890022277832,
      0.45408394932746887,
      0.4223536252975464,
      0.9881301522254944,
      0.9173656105995178,
      1.06480073928833,
      1.2091267108917236,
      1.2917336225509644,
      1.2621420621871948,
      1.1258034706115723,
      1.1218249797821045,
      1.0704623460769653,
      1.0417804718017578,
      1.0715943574905396,
      1.1338986158370972,
      1.1513224840164185,
      1.1639713048934937,
      1.1994693279266357,
      1.2306004762649536,
      1.382678747177124,
      1.7493817806243896,
      2.066650152206421,
      2.2531795501708984,
      2.384805679321289,
      2.485398769378662,
      2.4718408584594727,
      2.4090068340301514,
      2.3520350456237793,
      2.3704020977020264,
      2.472855567932129,
      1.9973984956741333,
      1.4745397567749023,
      1.3082354068756104,
      2.375596523284912,
      2.114899158477783,
      2.1994569301605225,
      2.204880475997925,
      2.2132129669189453,
      2.3047661781311035,
      2.3082923889160156,
      2.4805734157562256,
      2.691267251968384,
      2.7987844944000244,
      2.963618278503418,
      3.087283134460449,
      3.1879894733428955,
      3.3418819904327393,
      3.345820426940918,
      3.2857563495635986,
      3.3090474605560303,
      3.3086936473846436,
      3.297834873199463,
      3.3696846961975098,
      3.3933489322662354,
      3.506216526031494,
      3.714552879333496,
      3.7940688133239746,
      3.895580768585205,
      4.0976152420043945,
      4.60017204284668,
      3.4251956939697266,
      2.2638490200042725
    ]
  },
  "vary_num_samples_4": {
    "score": 98.20552062988281,