{
  "vary_num_samples_16": {
    "score": 91.9913330078125,
    "per_frame_errors": [
      17.89193344116211,
      35.554908752441406,
      28.288162231445312,
      26.398910522460938,
      23.37787437438965,
      20.78483772277832,
      18.589357376098633,
      16.40205955505371,
      14.749590873718262,
      13.414939880371094,
      12.27402400970459,
      11.288183212280273,
      10.482784271240234,
      9.845114707946777,
      9.315616607666016,
      8.839704513549805,
      8.51790714263916,
      8.16045093536377,
      7.838357925415039,
      7.605594158172607,
      7.405489444732666,
      7.258911609649658,
      7.224810600280762,
      7.026719093322754,
      6.960004806518555,
      6.824056625366211,
      6.803419589996338,
      7.37552547454834,
      5.382218837738037,
      3.5171473026275635,
      3.402207851409912,
      6.871323108673096,
      5.974707126617432,
      6.4466447830200195,
      6.3672966957092285,
      6.2733988761901855,
      6.185545444488525,
      6.14589262008667,
      6.275454998016357,
      6.236661911010742,
      6.231781482696533,
      6.30837345123291,
      6.427865982055664,
      6.452495574951172,
      6.454253196716309,
      6.509985446929932,
      6.524943828582764,
      6.5402326583862305,
      6.549508094787598,
      6.628285884857178,
      6.621333599090576,
      6.604547023773193,
      6.955491065979004,
      6.594413757324219,
      6.688521385192871,
      6.7120137214660645,
      6.636007785797119,
      7.351418495178223,
      5.726016044616699,
      3.8328306674957275,
      3.9206087589263916,
      7.796173572540283,
      6.798061370849609,
      7.529886245727539,
      7.73146915435791,
      7.747959136962891,
      7.758667945861816,
      7.763648986816406,
      7.738346576690674,
      7.746423244476318,
      7.713155746459961,
      7.554409027099609,
      7.434187412261963,
      7.407834053039551,
      7.528378009796143,
      7.554419994354248,
      7.592321395874023,
      7.666830539703369,
      7.6612443923950195,
      7.678959846496582,
      7.733840465545654,
      7.7447333335876465,
      7.7476606369018555,
      7.840584754943848,
      8.00109577178955,
      8.220821380615234,
      8.572221755981445,
      9.580830574035645,
      7.263653755187988,
      5.03427791595459,
      5.127925395965576,
      9.953353881835938,
      8.785372734069824,
      9.694395065307617,
      9.867911338806152,
      9.85515022277832,
      9.909302711486816,
      9.721624374389648,
      9.665787696838379,
      9.617963790893555,
      9.42507553100586,
      9.235269546508789,
      9.202559471130371,
      8.93851375579834,
      8.673598289489746,
      8.309535026550293,
      7.662898063659668,
      6.934240341186523,
      6.472564697265625,
      6.0963263511657715,
      5.583646774291992,
      5.158209800720215,
      4.9961748123168945,
      4.854455471038818,
      4.536374568939209,
      4.371636867523193,
      4.287585735321045,
      4.559621810913086,
      3.939736843109131,
      2.8200924396514893,
      2.8581509590148926,
      4.63051176071167,
      4.224946022033691,
      4.56321382522583,
      4.764083385467529,
      4.969884395599365,
      5.156869888305664,
      5.366613388061523,
      5.768761157989502,
      6.180306911468506,
      6.407190322875977,
      6.651687145233154,
      6.799108028411865,
      6.968288898468018,
      7.4443039894104,
      7.584139823913574,
      7.378818035125732,
      7.299648761749268,
      7.206641674041748,
      7.103203773498535,
      7.1978068351745605,
      7.347997665405273,
      7.40703010559082,
      7.3864827156066895,
      7.580281734466553,
      7.8652567863464355,
      7.931162357330322,
      8.591214179992676,
      7.336825847625732,
      5.082345962524414
    ]
  },
  "vary_num_samples_32": {
    "score": 92.27069091796875,
    "per_frame_errors": [
      13.60302734375,
      29.982105255126953,
      23.939502716064453,
      22.451475143432617,
      19.786582946777344,
      17.533294677734375,
      15.659899711608887,
      13.64511775970459,
      12.163003921508789,
      11.028275489807129,
      10.042939186096191,
      9.238005638122559,
      8.60605239868164,
      8.088476181030273,
      7.780323505401611,
      7.606314659118652,
      7.311525821685791,
      6.992800712585449,
      6.878967761993408,
      6.7154860496521,
      6.652580261230469,
      6.615999698638916,
      6.476448059082031,
      6.411166191101074,
      6.491950035095215,
      6.085221767425537,
      6.063638687133789,
      6.818704128265381,
      5.014767646789551,
      3.2545371055603027,
      3.119710683822632,
      6.4900898933410645,
      5.703157901763916,
      6.227388858795166,
      6.177703380584717,
      6.129481792449951,
      6.079719543457031,
      6.076284408569336,
      6.244305610656738,
      6.2538042068481445,
      6.2744550704956055,
      6.381711959838867,
      6.5251593589782715,
      6.589661598205566,
      6.617750644683838,
      6.709531307220459,
      6.820237636566162,
      6.934267520904541,
      6.936281681060791,
      6.91853666305542,
      6.9501566886901855,
      6.971752643585205,
      7.301377296447754,
      6.917131423950195,
      6.837867736816406,
      6.882689476013184,
      6.834788799285889,
      7.235783100128174,
      5.586243152618408,
      3.7981579303741455,
      4.112066268920898,
      7.691733360290527,
      6.739438533782959,
      7.470544338226318,
      7.697475433349609,
      7.711520195007324,
      7.730165004730225,
      7.755527496337891,
      7.745037078857422,
      7.774606227874756,
      7.754533290863037,
      7.5908403396606445,
      7.4608869552612305,
      7.421248435974121,
      7.5453715324401855,
      7.564444065093994,
      7.602773666381836,
      7.690271854400635,
      7.749935150146484,
      7.863945960998535,
      7.849030017852783,
      7.788990020751953,
      7.807968616485596,
      7.917744159698486,
      8.155343055725098,
      8.483942031860352,
      8.630874633789062,
      9.782256126403809,
      7.401711940765381,
      4.9520673751831055,
      5.137625694274902,
      9.761983871459961,
      8.706159591674805,
      9.712186813354492,
      9.93281364440918,
      9.935090065002441,
      10.01960563659668,
      9.82800579071045,
      9.777108192443848,
      9.745528221130371,
      9.557358741760254,
      9.36148738861084,
      9.340203285217285,
      9.06606388092041,
      8.770394325256348,
      8.37959098815918,
      7.709456443786621,
      6.976564407348633,
      6.528006076812744,
      6.17230224609375,
      5.747354507446289,
      5.538675785064697,
      5.3691277503967285,
      5.04012393951416,
      4.751957893371582,
      4.540443420410156,
      4.402966022491455,
      4.7773356437683105,
      3.9222424030303955,
      2.722405433654785,
      3.209850549697876,
      4.997262954711914,
      4.399060249328613,
      4.787323474884033,
      4.9233808517456055,
      5.1100029945373535,
      5.442095756530762,
      5.628409385681152,
      6.037633895874023,
      6.421593189239502,
      6.634984970092773,
      6.8949198722839355,
      7.037356376647949,
      7.211988925933838,
      7.690983772277832,
      7.824341773986816,
      7.612113952636719,
      7.523559093475342,
      7.425431251525879,
      7.312483787536621,
      7.401374816894531,
      7.5649495124816895,
      7.707870006561279,
      8.035157203674316,
      8.218558311462402,
      8.18750286102295,
      8.300291061401367,
      8.827075958251953,
      7.528809070587158,
      5.364306926727295
    ]
  },
  "vary_num_samples_4": {
    "score": 91.8991928100586,