{
  "vary_num_samples_TAA_16": {
    "score": 97.97008514404297,
    "per_frame_errors": [
      1.3810155391693115,
      3.357292890548706,
      2.6950137615203857,
      2.846212863922119,
      2.721277952194214,
      2.494619131088257,
      2.262183427810669,
      2.0555102825164795,
      1.8931868076324463,
      1.8001188039779663,
      1.7418737411499023,
      1.7100777626037598,
      1.7208893299102783,
      1.7365752458572388,
      1.7303016185760498,
      1.7260332107543945,
      1.726701259613037,
      1.7180308103561401,
      1.6988571882247925,
      1.6764863729476929,
      1.6798477172851562,
      1.660210132598877,
      1.6575127840042114,
      1.6576813459396362,
      1.6718144416809082,
      1.674123764038086,
      1.6809529066085815,
      1.8266112804412842,
      1.2513458728790283,
      0.8252491354942322,
      0.799949049949646,
      1.907497525215149,
      1.592529296875,
      1.7716821432113647,
      1.8065797090530396,
      1.8016963005065918,
      1.8014142513275146,
      1.8165876865386963,
      1.8547229766845703,
      1.8820515871047974,
      1.8890342712402344,
      1.8890830278396606,
      1.8826565742492676,
      1.8653017282485962,
      1.8623859882354736,
      1.8707754611968994,
      1.869138479232788,
      1.8621963262557983,
      1.872443675994873,
      1.8853358030319214,
      1.8963546752929688,
      1.8960875272750854,
      1.912570595741272,
      1.9177489280700684,
      1.906733512878418,
      1.9016945362091064,
      1.8635939359664917,
      2.0044546127319336,
      1.3795686960220337,
      0.862233579158783,
      0.8708885312080383,
      2.0684525966644287,
      1.7440837621688843,
      1.9329094886779785,
      1.9652632474899292,
      1.9786704778671265,
      1.9871793985366821,
      2.0292346477508545,
      2.0275931358337402,
      2.0165586471557617,
      1.990671992301941,
      1.9906160831451416,
      1.9977909326553345,
      2.0248403549194336,
      2.027925968170166,
      2.030470371246338,
      2.031616687774658,
      2.0844337940216064,
      2.2180233001708984,
      2.2110586166381836,
      2.204669237136841,
      2.2505650520324707,
      2.3259804248809814,
      2.34628963470459,
      2.3210058212280273,
      2.3228893280029297,
      2.3440206050872803,
      2.55802321434021,
      1.8544256687164307,
      1.2658321857452393,
      1.1661204099655151,
      2.524165630340576,
      2.2218692302703857,
      2.416928291320801,
      2.3773438930511475,
      2.358668804168701,
      2.3599441051483154,
      2.3710427284240723,
      2.400690793991089,
      2.425326347351074,
      2.5462963581085205,
      2.649974822998047,
      2.62161922454834,
      2.5169105529785156,
      2.484896659851074,
      2.5561347007751465,
      2.5612540245056152,
      2.548625946044922,
      2.539520263671875,
      2.484222173690796,
      2.4793388843536377,
      2.461794376373291,
      2.4773385524749756,
      2.465660810470581,
      2.463888168334961,
      2.417895793914795,
      2.3933002948760986,
      2.560807704925537,
      1.9101958274841309,
      1.3046315908432007,
      1.221866488456726,
      2.491344690322876,
      2.161661148071289,
      2.3009462356567383,
      2.3193700313568115,
      2.350006580352783,
      2.3738601207733154,
      2.412578821182251,
      2.3042776584625244,
      2.236858367919922,
      2.2000651359558105,
      2.1648330688476562,
      2.116023063659668,
      2.064235210418701,
      2.044563055038452,
      2.05202579498291,
      2.032589912414551,
      2.01688551902771,
      2.0023715496063232,
      1.974534034729004,
      1.9504538774490356,
      1.9683572053909302,
      2.040011167526245,
      2.117506265640259,
      2.128546953201294,
      2.1589882373809814,
      2.2480201721191406,
      2.520063638687134,
      1.7335971593856812,
      1.0910820960998535
    ]
  },
  "vary_num_samples_TAA_32": {
    "score": 97.90101623535156,
    "per_frame_errors": [
      1.274212121963501,
      3.2314846515655518,
      2.6661152839660645,
      2.8534326553344727,
      2.744933605194092,
      2.510833263397217,
      2.2747044563293457,
      2.0701963901519775,
      1.9147084951400757,
      1.8230758905410767,
      1.765073537826538,
      1.731690764427185,
      1.7417510747909546,
      1.7589097023010254,
      1.7561930418014526,
      1.7510452270507812,
      1.7501146793365479,
      1.7499879598617554,
      1.743310809135437,
      1.7269091606140137,
      1.736994981765747,
      1.722662329673767,
      1.7270524501800537,
      1.7321561574935913,
      1.7412374019622803,
      1.7481392621994019,
      1.756047248840332,
      1.919727087020874,
      1.3220282793045044,
      0.8674182891845703,
      0.8498050570487976,
      2.0220797061920166,
      1.6976923942565918,
      1.8871477842330933,
      1.9279927015304565,
      1.9213502407073975,
      1.913908839225769,
      1.9330401420593262,
      1.9727615118026733,
      2.0145275592803955,
      2.0265512466430664,
      2.027613401412964,
      2.0179784297943115,
      2.0068905353546143,
      2.000718832015991,
      2.012737989425659,
      2.0045337677001953,
      1.9959837198257446,
      2.0092945098876953,
      2.0267534255981445,
      2.0402801036834717,
      2.0473458766937256,
      2.0631179809570312,
      2.063809394836426,
      2.058151960372925,
      2.0509371757507324,
      2.0003209114074707,
      2.1560769081115723,
      1.4951444864273071,
      0.9238580465316772,
      0.9414995312690735,
      2.2023048400878906,
      1.8613494634628296,
      2.070650577545166,
      2.1031367778778076,
      2.111645221710205,
      2.1153011322021484,
      2.160757064819336,
      2.141374349594116,
      2.1326961517333984,
      2.104452610015869,
      2.105689525604248,
      2.107290744781494,
      2.1144866943359375,
      2.111388921737671,
      2.1132147312164307,
      2.125182867050171,
      2.1812973022460938,
      2.2847914695739746,
      2.2868714332580566,
      2.2923243045806885,
      2.3452863693237305,
      2.3974037170410156,
      2.4043986797332764,
      2.4039371013641357,
      2.426255226135254,
      2.4406936168670654,
      2.649334669113159,
      1.9286367893218994,
      1.2864500284194946,
      1.2236838340759277,
      2.6288678646087646,
      2.3119008541107178,
      2.5094497203826904,
      2.4824225902557373,
      2.4663548469543457,
      2.483642339706421,
      2.5099716186523438,
      2.5435688495635986,
      2.559641122817993,
      2.6699776649475098,
      2.771611452102661,
      2.7256436347961426,
      2.6215176582336426,
      2.590045690536499,
      2.642530918121338,
      2.644087076187134,
      2.633434534072876,
      2.615339517593384,
      2.5646560192108154,
      2.564075231552124,
      2.560574769973755,
      2.5817275047302246,
      2.570863723754883,
      2.55049991607666,
      2.5010669231414795,
      2.473784923553467,
      2.662219762802124,
      1.9869656562805176,
      1.3257135152816772,
      1.2598580121994019,
      2.52754282951355,
      2.1929383277893066,
      2.3462955951690674,
      2.379366159439087,
      2.4000625610351562,
      2.426656723022461,
      2.430708885192871,
      2.3329460620880127,
      2.2696590423583984,
      2.240802526473999,
      2.1897785663604736,
      2.132046937942505,
      2.0846755504608154,
      2.0662126541137695,
      2.0651910305023193,
      2.031902551651001,
      2.01063871383667,
      1.9889551401138306,
      1.9448176622390747,
      1.9150272607803345,
      1.9262447357177734,
      1.9745415449142456,
      2.0215418338775635,
      2.037092685699463,
      2.0896077156066895,
      2.1728148460388184,
      2.4400782585144043,
      1.674474835395813,
      1.0690639019012451
    ]
  },
  "vary_num_samples_TAA_4": {
    "score": 97.65059661865234,