{
  "vary_num_samples_16": {
    "score": 97.14759826660156,
    "per_frame_errors": [
      2.66872501373291,
      6.911926746368408,
      5.178277969360352,
      5.020039081573486,
      4.471457481384277,
      4.000777244567871,
      3.5979487895965576,
      3.162785530090332,
      2.8328750133514404,
      2.6624643802642822,
      2.5284433364868164,
      2.430849313735962,
      2.3541464805603027,
      2.418973684310913,
      2.3975577354431152,
      2.293215274810791,
      2.1827995777130127,
      2.12886643409729,
      2.130286693572998,
      2.041578531265259,
      2.0154731273651123,
      2.0219016075134277,
      1.9995946884155273,
      1.9260361194610596,
      1.9006459712982178,
      1.958765983581543,
      1.9683743715286255,
      2.0924243927001953,
      1.412482500076294,
      0.9678428769111633,
      0.9015869498252869,
      2.1484296321868896,
      1.79872465133667,
      1.947998046875,
      1.9629418849945068,
      1.9308472871780396,
      1.9412012100219727,
      1.993897795677185,
      2.0217297077178955,
      1.9731895923614502,
      1.890151858329773,
      1.886535882949829,
      1.8874759674072266,
      1.895330786705017,
      1.8763993978500366,
      1.9223527908325195,
      1.9276148080825806,
      1.919264554977417,
      1.8809447288513184,
      1.8736268281936646,
      1.9054888486862183,
      1.8676265478134155,
      1.868304967880249,
      1.8972283601760864,
      1.9360547065734863,
      1.935850739479065,
      1.8792599439620972,
      2.0408787727355957,
      1.4239511489868164,
      0.9734501838684082,
      0.8976492285728455,
      2.2243165969848633,
      1.9808107614517212,
      2.1501948833465576,
      2.1359920501708984,
      2.1888463497161865,
      2.3042798042297363,
      2.313464879989624,
      2.3845059871673584,
      2.424388885498047,
      2.446638822555542,
      2.429215669631958,
      2.478111505508423,
      2.559774875640869,
      2.6402015686035156,
      2.6742045879364014,
      2.658841133117676,
      2.7131216526031494,
      2.8848416805267334,
      2.9344072341918945,
      2.9280219078063965,
      2.9740757942199707,
      3.1441128253936768,
      3.20715069770813,
      3.205336570739746,
      3.149446487426758,
      3.1392812728881836,
      3.3184866905212402,
      2.607714891433716,
      1.903711199760437,
      1.6126892566680908,
      3.3229684829711914,
      2.9674289226531982,
      3.244206190109253,
      3.197927236557007,
      3.1181514263153076,
      3.094326972961426,
      3.023336410522461,
      3.010503053665161,
      2.9462618827819824,
      3.025404930114746,
      3.1546573638916016,
      3.246983766555786,
      3.1480047702789307,
      3.097139835357666,
      3.336721658706665,
      3.4416637420654297,
      3.4287333488464355,
      3.507378101348877,
      3.466554641723633,
      3.458832025527954,
      3.431443691253662,
      3.4789810180664062,
      3.5314488410949707,
      3.558718204498291,
      3.4540672302246094,
      3.5082132816314697,
      3.751722812652588,
      2.9566547870635986,
      2.1514573097229004,
      2.0293285846710205,
      3.9578518867492676,
      3.5142884254455566,
      3.765101671218872,
      3.7049782276153564,
      3.7531704902648926,
      3.7634799480438232,
      3.8395841121673584,
      3.8721048831939697,
      3.8447704315185547,
      3.7305054664611816,
      3.732599973678589,
      3.7685673236846924,
      3.8475844860076904,
      3.84550404548645,
      3.8222999572753906,
      3.8522565364837646,
      3.863981008529663,
      3.871403932571411,
      3.9722063541412354,
      3.949573516845703,
      4.135246753692627,
      4.36428165435791,
      4.7522196769714355,
      4.795950412750244,
      4.927799224853516,
      5.013291358947754,
      5.550461769104004,
      3.9454386234283447,
      2.4152677059173584
    ]
  },
  "vary_num_samples_32": {
    "score": 97.18463897705078,
    "per_frame_errors": [
      2.4731478691101074,
      6.5824198722839355,
      5.000734806060791,
      4.922720432281494,
      4.423158168792725,
      3.9708213806152344,
      3.599637746810913,
      3.1787161827087402,
      2.836256265640259,
      2.658501386642456,
      2.522301197052002,
      2.4176902770996094,
      2.330504894256592,
      2.38887882232666,
      2.33303165435791,
      2.195668935775757,
      2.116908311843872,
      2.114039182662964,
      2.0767667293548584,
      2.0097482204437256,
      1.9977926015853882,
      2.0187768936157227,
      2.0004262924194336,
      1.9290796518325806,
      1.9343554973602295,
      1.9767310619354248,
      1.968235731124878,
      2.064741373062134,
      1.4000904560089111,
      0.9614248275756836,
      0.8728665709495544,
      2.088090181350708,
      1.7755608558654785,
      1.9315158128738403,
      1.9461216926574707,
      1.9210987091064453,
      1.9328334331512451,
      1.989913821220398,
      2.016043186187744,
      1.966568112373352,
      1.883768916130066,
      1.878307819366455,
      1.8783303499221802,
      1.8861123323440552,
      1.8703572750091553,
      1.9141135215759277,
      1.9019545316696167,
      1.8838452100753784,
      1.8471415042877197,
      1.853591799736023,
      1.8618028163909912,
      1.8369743824005127,
      1.840754747390747,
      1.8930739164352417,
      1.917116641998291,
      1.9153409004211426,
      1.8960620164871216,
      2.0366275310516357,
      1.4040510654449463,
      0.9496644735336304,
      0.8934046030044556,
      2.1903645992279053,
      1.9265501499176025,
      2.0872981548309326,
      2.10227108001709,
      2.162402629852295,
      2.277557849884033,
      2.292313575744629,
      2.3640236854553223,
      2.4061379432678223,
      2.434089422225952,
      2.4187605381011963,
      2.4688756465911865,
      2.550602436065674,
      2.6335763931274414,
      2.666858673095703,
      2.6550354957580566,
      2.711193084716797,
      2.8536951541900635,
      2.890136480331421,
      2.8614213466644287,
      2.923417806625366,
      3.0628488063812256,
      3.1362040042877197,
      3.1868972778320312,
      3.1459856033325195,
      3.1055335998535156,
      3.293536901473999,
      2.5595993995666504,
      1.7940092086791992,
      1.5235366821289062,
      3.2010629177093506,
      2.9152743816375732,
      3.190844774246216,
      3.1027538776397705,
      3.0520706176757812,
      3.064948558807373,
      3.0176405906677246,
      3.0188891887664795,
      2.9581029415130615,
      3.032879114151001,
      3.161174774169922,
      3.254263401031494,
      3.1537110805511475,
      3.100803852081299,
      3.337176561355591,
      3.4412028789520264,
      3.4273576736450195,
      3.5055692195892334,
      3.4685657024383545,
      3.4373443126678467,
      3.413884162902832,
      3.41709303855896,
      3.4658331871032715,
      3.4628350734710693,
      3.377000570297241,
      3.505812644958496,
      3.757398843765259,
      2.8940279483795166,
      2.0998153686523438,
      1.9529736042022705,
      3.666327953338623,
      3.2686431407928467,
      3.6139230728149414,
      3.609769821166992,
      3.642730474472046,
      3.577118396759033,
      3.7010748386383057,
      3.7948086261749268,
      3.789797782897949,
      3.682506561279297,
      3.693675994873047,
      3.744344472885132,
      3.831261157989502,
      3.8343024253845215,
      3.813065767288208,
      3.8417301177978516,
      3.8544652462005615,
      3.863678216934204,
      3.9630157947540283,
      3.944978713989258,
      4.12893009185791,
      4.338829517364502,
      4.698929309844971,
      4.736351490020752,
      4.884541988372803,
      4.936994552612305,
      5.523293495178223,
      3.945603370666504,
      2.4200453758239746
    ]
  },
  "vary_num_samples_4": {
    "score": 97.04129028320312,