{
  "vary_num_samples_16": {
    "score": 98.16322326660156,
    "per_frame_errors": [
      2.671577215194702,
      6.979516983032227,
      5.567996501922607,
      5.440112590789795,
      4.955281734466553,
      4.631627082824707,
      4.371138572692871,
      4.1332526206970215,
      3.93408465385437,
      3.7386298179626465,
      3.5801403522491455,
      3.454864025115967,
      3.2859904766082764,
      3.1962993144989014,
      3.1079416275024414,
      3.068962335586548,
      2.9884157180786133,
      2.9244401454925537,
      2.8822619915008545,
      2.830206871032715,
      2.778571367263794,
      2.7439191341400146,
      2.716531991958618,
      2.6571102142333984,
      2.634113073348999,
      2.5665969848632812,
      2.537214756011963,
      2.590679883956909,
      1.7175213098526,
      1.1123400926589966,
      1.026808261871338,
      2.5135064125061035,
      2.313326835632324,
      2.468357563018799,
      2.424819231033325,
      2.3446602821350098,
      2.173706531524658,
      1.8962137699127197,
      1.5462815761566162,
      1.29195237159729,
      1.129799246788025,
      1.0535163879394531,
      1.030310869216919,
      1.0123287439346313,
      0.980681836605072,
      0.9824255704879761,
      1.0039206743240356,
      1.0234546661376953,
      1.0726815462112427,
      1.0996049642562866,
      1.1342260837554932,
      1.199334740638733,
      1.2732402086257935,
      1.4271761178970337,
      1.6989996433258057,
      1.9487735033035278,
      2.041814088821411,
      2.164255142211914,
      1.5529478788375854,
      0.9351545572280884,
      0.859477162361145,
      1.990808129310608,
      1.6870192289352417,
      1.6589233875274658,
      1.5469989776611328,
      1.4680476188659668,
      1.3907350301742554,
      1.2917959690093994,
      1.21164870262146,
      1.1566352844238281,
      1.126745581626892,
      1.080654263496399,
      1.0395112037658691,
      1.0104539394378662,
      1.0131653547286987,
      1.0180691480636597,
      0.9770397543907166,
      0.9477945566177368,
      0.9175595045089722,
      0.8976625800132751,
      0.8930521607398987,
      0.8982751965522766,
      0.8905601501464844,
      0.888188898563385,
      0.8810380101203918,
      0.8805109858512878,
      0.8795005083084106,
      0.8854588866233826,
      0.6385887861251831,
      0.437172532081604,
      0.37634241580963135,
      0.927199125289917,
      0.8468081951141357,
      0.9349517226219177,
      0.9817070364952087,
      1.0158445835113525,
      1.0593581199645996,
      1.1178572177886963,
      1.2004530429840088,
      1.284422755241394,
      1.3211352825164795,
      1.3486063480377197,
      1.4133427143096924,
      1.5064058303833008,
      1.6458094120025635,
      1.8114705085754395,
      1.9123001098632812,
      1.96998929977417,
      1.992996096611023,
      2.0021700859069824,
      2.0188918113708496,
      2.0542056560516357,
      2.068394422531128,
      2.074150323867798,
      2.05751371383667,
      1.9634833335876465,
      1.865991473197937,
      1.8687154054641724,
      1.3070447444915771,
      0.9149476885795593,
      0.7890781760215759,
      1.8281667232513428,
      1.6537935733795166,
      1.7446672916412354,
      1.7210593223571777,
      1.6962928771972656,
      1.6971354484558105,
      1.6815184354782104,
      1.665291666984558,
      1.6711552143096924,
      1.667406678199768,
      1.6604547500610352,
      1.6502819061279297,
      1.653916597366333,
      1.6718477010726929,
      1.6992331743240356,
      1.693873643875122,
      1.7070512771606445,
      1.7390103340148926,
      1.7727036476135254,
      1.7898948192596436,
      1.8480560779571533,
      1.865687608718872,
      1.908369779586792,
      1.9460457563400269,
      1.9794268608093262,
      2.0056676864624023,
      2.0858545303344727,
      1.3190032243728638,
      0.8179004192352295
    ]
  },
  "vary_num_samples_32": {
    "score": 98.18177795410156,
    "per_frame_errors": [
      2.427433490753174,
      6.538005352020264,
      5.215213298797607,
      5.139558792114258,
      4.744569778442383,
      4.470320224761963,
      4.242641925811768,
      4.000046730041504,
      3.819798231124878,
      3.6385672092437744,
      3.5026330947875977,
      3.3845582008361816,
      3.2301199436187744,
      3.1495394706726074,
      3.096132278442383,
      3.0550057888031006,
      2.9449923038482666,
      2.894043207168579,
      2.829169273376465,
      2.8067080974578857,
      2.790140151977539,
      2.7404658794403076,
      2.69205904006958,
      2.687366247177124,
      2.6627414226531982,
      2.530611515045166,
      2.4894466400146484,
      2.549919605255127,
      1.7004172801971436,
      1.1004292964935303,
      1.0078563690185547,
      2.4784326553344727,
      2.29715633392334,
      2.452270269393921,
      2.404374122619629,
      2.3305163383483887,
      2.1696064472198486,
      1.895110011100769,
      1.5472201108932495,
      1.2926596403121948,
      1.1285172700881958,
      1.0507497787475586,
      1.0277960300445557,
      1.0097854137420654,
      0.9779714941978455,
      0.9810609221458435,
      1.0101791620254517,
      1.0309028625488281,
      1.0679125785827637,
      1.0971568822860718,
      1.1461807489395142,
      1.2223179340362549,
      1.3086596727371216,
      1.4547107219696045,
      1.7059640884399414,
      1.9656462669372559,
      2.0677483081817627,
      2.1139633655548096,
      1.5204516649246216,
      0.9262686371803284,
      0.8444011807441711,
      1.9606616497039795,
      1.6519676446914673,
      1.6276832818984985,
      1.5249754190444946,
      1.4525141716003418,
      1.380123496055603,
      1.2853189706802368,
      1.2067110538482666,
      1.1534608602523804,
      1.1254606246948242,
      1.0800814628601074,
      1.037551999092102,
      1.0091471672058105,
      1.0120757818222046,
      1.0171449184417725,
      0.9744988083839417,
      0.9493198990821838,
      0.9292306900024414,
      0.9300609230995178,
      0.917778730392456,
      0.898155689239502,
      0.8936303853988647,
      0.8900743722915649,
      0.8805580735206604,
      0.8564264178276062,
      0.851719319820404,
      0.8621366024017334,
      0.6493197679519653,
      0.4606386721134186,
      0.38380834460258484,
      0.9468905329704285,
      0.8638109564781189,
      0.9524129629135132,
      0.9968841671943665,
      1.0300474166870117,
      1.0729583501815796,
      1.1267828941345215,
      1.2057440280914307,
      1.2877936363220215,
      1.3221311569213867,
      1.348647117614746,
      1.4144788980484009,
      1.5058084726333618,
      1.644706130027771,
      1.811931848526001,
      1.9126919507980347,
      1.9693140983581543,
      1.9904532432556152,
      1.9982657432556152,
      2.0311028957366943,
      2.096848726272583,
      2.107260227203369,
      2.084195375442505,
      2.0416934490203857,
      1.9417407512664795,
      1.8859281539916992,
      1.9211413860321045,
      1.3356621265411377,
      0.9269519448280334,
      0.7457230687141418,
      1.7721508741378784,
      1.6174870729446411,
      1.7327256202697754,
      1.7189700603485107,
      1.7118574380874634,
      1.7055113315582275,
      1.6741324663162231,
      1.6558294296264648,
      1.6585503816604614,
      1.6573036909103394,
      1.6531656980514526,
      1.644066572189331,
      1.6479873657226562,
      1.669159173965454,
      1.6958175897598267,
      1.6905956268310547,
      1.7048181295394897,
      1.7357195615768433,
      1.769307255744934,
      1.7870734930038452,
      1.845261573791504,
      1.8701890707015991,
      1.9290049076080322,
      1.9691697359085083,
      1.9948675632476807,
      2.024340867996216,
      2.0737247467041016,
      1.3225404024124146,
      0.8234423398971558
    ]
  },
  "vary_num_samples_4": {
    "score": 98.12844848632812,