{
  "vary_num_samples_16": {
    "score": 95.52639770507812,
    "per_frame_errors": [
      16.434284210205078,
      26.116106033325195,
      22.065717697143555,
      20.92461585998535,
      19.206037521362305,
      17.71799087524414,
      16.23529624938965,
      15.011211395263672,
      14.023874282836914,
      13.049446105957031,
      12.275402069091797,
      11.635713577270508,
      10.885237693786621,
      10.29971694946289,
      9.800686836242676,
      9.344996452331543,
      8.870377540588379,
      8.524775505065918,
      8.194625854492188,
      7.857331275939941,
      7.5890278816223145,
      7.368463516235352,
      7.101380825042725,
      6.825655937194824,
      6.608335494995117,
      6.403168201446533,
      6.253646373748779,
      6.352762222290039,
      5.241823673248291,
      4.425832748413086,
      4.104135990142822,
      6.048190116882324,
      5.334976673126221,
      5.5124592781066895,
      5.472468376159668,
      5.366765975952148,
      5.2606425285339355,
      5.304019927978516,
      5.160053253173828,
      4.98288631439209,
      4.951093673706055,
      4.941104412078857,
      4.875190258026123,
      4.8808746337890625,
      4.843974590301514,
      4.838034629821777,
      4.77139139175415,
      4.753105640411377,
      4.677370071411133,
      4.6545186042785645,
      4.688661575317383,
      4.600091934204102,
      4.60289192199707,
      4.629282474517822,
      4.535401821136475,
      4.357780933380127,
      4.282577991485596,
      4.286355495452881,
      3.6400444507598877,
      3.2420551776885986,
      2.874176025390625,
      3.889317750930786,
      3.4976236820220947,
      3.4951701164245605,
      3.3284244537353516,
      3.1905362606048584,
      3.053708553314209,
      2.9070281982421875,
      2.8181140422821045,
      2.832725763320923,
      2.869493246078491,
      2.8671302795410156,
      2.851702928543091,
      2.767998218536377,
      2.6719231605529785,
      2.489809274673462,
      2.425954818725586,
      2.4098892211914062,
      2.3324356079101562,
      2.252208948135376,
      2.1810648441314697,
      2.1209335327148438,
      2.1112172603607178,
      2.112879991531372,
      1.8663232326507568,
      1.4665918350219727,
      1.2359782457351685,
      1.2291996479034424,
      0.9005691409111023,
      0.6261550784111023,
      0.6391829252243042,
      1.2244786024093628,
      1.0973838567733765,
      1.1997157335281372,
      1.2309389114379883,
      1.2517189979553223,
      1.293216586112976,
      1.3252980709075928,
      1.3634066581726074,
      1.388372778892517,
      1.4419188499450684,
      1.4925512075424194,
      1.5801109075546265,
      1.7555732727050781,
      2.11830735206604,
      2.459744453430176,
      2.4669673442840576,
      2.130251884460449,
      1.8608016967773438,
      1.7213321924209595,
      1.6140289306640625,
      1.5589982271194458,
      1.497557282447815,
      1.4835511445999146,
      1.4338569641113281,
      1.4108004570007324,
      1.3588860034942627,
      1.4057352542877197,
      1.0335936546325684,
      0.6738895177841187,
      0.7607175707817078,
      1.4092248678207397,
      1.3441897630691528,
      1.690028429031372,
      1.8320916891098022,
      1.926296353340149,
      1.999941110610962,
      2.0883572101593018,
      2.3173608779907227,
      2.511289596557617,
      2.5472934246063232,
      2.5443153381347656,
      2.4713215827941895,
      2.3846771717071533,
      2.421163320541382,
      2.317037582397461,
      2.1907191276550293,
      2.1862268447875977,
      2.1870758533477783,
      2.1712751388549805,
      2.254910707473755,
      2.416806697845459,
      2.5259060859680176,
      2.516674518585205,
      2.573838949203491,
      2.6432783603668213,
      2.728668451309204,
      2.9628381729125977,
      2.6305007934570312,
      2.0563437938690186
    ]
  },
  "vary_num_samples_32": {
    "score": 95.62020111083984,
    "per_frame_errors": [
      15.352399826049805,
      24.614112854003906,
      20.804244995117188,
      19.818117141723633,
      18.260746002197266,
      16.961820602416992,
      15.649479866027832,
      14.499907493591309,
      13.550621032714844,
      12.658872604370117,
      11.91889476776123,
      11.310281753540039,
      10.597334861755371,
      10.055285453796387,
      9.620672225952148,
      9.161669731140137,
      8.740578651428223,
      8.477849006652832,
      8.053513526916504,
      7.724134922027588,
      7.499828338623047,
      7.268352508544922,
      7.031067371368408,
      6.833268165588379,
      6.545536518096924,
      6.219062328338623,
      6.088205337524414,
      6.131997585296631,
      5.105634689331055,
      4.341480255126953,
      3.9391112327575684,
      5.860898971557617,
      5.188793182373047,
      5.381435394287109,
      5.359188079833984,
      5.267969131469727,
      5.172286033630371,
      5.2319841384887695,
      5.097893714904785,
      4.933670997619629,
      4.9072184562683105,
      4.903067588806152,
      4.835726737976074,
      4.843095779418945,
      4.810649871826172,
      4.80366849899292,
      4.786351203918457,
      4.712121963500977,
      4.578197002410889,
      4.627623081207275,
      4.613779544830322,
      4.572449207305908,
      4.645478248596191,
      4.584724426269531,
      4.504730224609375,
      4.437773704528809,
      4.327791213989258,
      4.215088844299316,
      3.5347797870635986,
      3.1389808654785156,
      2.84451961517334,
      3.8624136447906494,
      3.4738070964813232,
      3.475994825363159,
      3.31337571144104,
      3.1759939193725586,
      3.035895347595215,
      2.893221855163574,
      2.805448055267334,
      2.8209140300750732,
      2.855299949645996,
      2.8526077270507812,
      2.8381335735321045,
      2.756610155105591,
      2.6617467403411865,
      2.481311321258545,
      2.419492721557617,
      2.4042446613311768,
      2.344489336013794,
      2.299482583999634,
      2.203927993774414,
      2.1171658039093018,
      2.095745086669922,
      2.0719845294952393,
      1.850113034248352,
      1.4752113819122314,
      1.2210183143615723,
      1.2290047407150269,
      0.9318369030952454,
      0.6503461003303528,
      0.6428232192993164,
      1.2374467849731445,
      1.1000455617904663,
      1.2061361074447632,
      1.2487449645996094,
      1.2664642333984375,
      1.3055157661437988,
      1.335458755493164,
      1.3686316013336182,
      1.3930600881576538,
      1.4473662376403809,
      1.4993174076080322,
      1.5866975784301758,
      1.7633953094482422,
      2.1243364810943604,
      2.467089891433716,
      2.471008062362671,
      2.136301040649414,
      1.8658673763275146,
      1.725193738937378,
      1.6315494775772095,
      1.5816237926483154,
      1.5179922580718994,
      1.480913758277893,
      1.4274718761444092,
      1.3924485445022583,
      1.3433059453964233,
      1.3934216499328613,
      1.0094962120056152,
      0.644330620765686,
      0.7707321047782898,
      1.4024896621704102,
      1.3171197175979614,
      1.6374152898788452,
      1.7760995626449585,
      1.8528581857681274,
      1.9294174909591675,
      2.029414415359497,
      2.2672033309936523,
      2.469697952270508,
      2.5183098316192627,
      2.527580499649048,
      2.4619271755218506,
      2.3825182914733887,
      2.419994592666626,
      2.3150689601898193,
      2.188551187515259,
      2.1846864223480225,
      2.1854686737060547,
      2.170511245727539,
      2.254671573638916,
      2.4171266555786133,
      2.5366132259368896,
      2.5308845043182373,
      2.588313579559326,
      2.6379172801971436,
      2.716134548187256,
      2.954505205154419,
      2.6498379707336426,
      2.0905964374542236
    ]
  },
  "vary_num_samples_4": {
    "score": 95.3819580078125,