{
  "vary_num_samples_16": {
    "score": 91.32391357421875,
    "per_frame_errors": [
      10.431159019470215,
      25.31214714050293,
      20.596752166748047,
      19.975656509399414,
      17.48029899597168,
      15.683233261108398,
      14.432585716247559,
      13.590887069702148,
      12.887309074401855,
      12.227992057800293,
      11.903079986572266,
      11.539740562438965,
      11.206307411193848,
      10.898604393005371,
      10.442643165588379,
      10.074800491333008,
      9.997452735900879,
      9.917531967163086,
      9.894988059997559,
      9.707602500915527,
      9.44429874420166,
      9.294666290283203,
      9.15701961517334,
      9.0441255569458,
      8.9840087890625,
      8.709660530090332,
      8.813364028930664,
      9.453109741210938,
      7.4830708503723145,
      6.320715427398682,
      4.657201766967773,
      9.248601913452148,
      7.7578558921813965,
      8.41663646697998,
      8.409330368041992,
      8.241288185119629,
      8.079296112060547,
      8.022595405578613,
      7.919455051422119,
      7.846367835998535,
      7.842207431793213,
      7.507309913635254,
      7.571398735046387,
      7.615515232086182,
      7.526118755340576,
      7.506775856018066,
      7.166917324066162,
      6.985212326049805,
      7.043819427490234,
      7.109253883361816,
      7.130030632019043,
      6.995892524719238,
      6.772638320922852,
      6.802847385406494,
      6.886227130889893,
      6.917596340179443,
      7.026285171508789,
      7.246938705444336,
      5.724400043487549,
      4.963675498962402,
      3.7730846405029297,
      7.772865295410156,
      6.216364860534668,
      6.724358558654785,
      6.853769302368164,
      6.943929195404053,
      6.997873783111572,
      6.87575101852417,
      6.744511127471924,
      6.803276538848877,
      6.862763404846191,
      6.883074760437012,
      6.937389373779297,
      6.780092239379883,
      6.857732772827148,
      6.903195381164551,
      6.940037250518799,
      7.0109782218933105,
      6.739822864532471,
      6.64511775970459,
      6.7667622566223145,
      6.883418083190918,
      7.02981424331665,
      6.980963230133057,
      6.861286640167236,
      6.903110980987549,
      6.993000507354736,
      7.4256367683410645,
      5.746811866760254,
      4.727053165435791,
      3.794410228729248,
      7.77771520614624,
      6.408253192901611,
      7.05566930770874,
      6.744367599487305,
      6.596090793609619,
      6.750144958496094,
      6.852928638458252,
      6.915170669555664,
      6.843480587005615,
      6.757139205932617,
      6.830345153808594,
      6.894413471221924,
      6.908886909484863,
      6.944037914276123,
      6.762443542480469,
      6.883085250854492,
      6.988980293273926,
      6.977838516235352,
      7.041877746582031,
      6.853758335113525,
      6.752847194671631,
      6.994457721710205,
      7.187263488769531,
      7.366892337799072,
      7.3577680587768555,
      7.41054105758667,
      7.987614631652832,
      6.398196697235107,
      5.515573501586914,
      4.383419990539551,
      8.680087089538574,
      7.364234924316406,
      8.074307441711426,
      8.156208038330078,
      8.36050796508789,
      8.251712799072266,
      8.266332626342773,
      8.480216979980469,
      8.72357177734375,
      8.981820106506348,
      9.068878173828125,
      9.111311912536621,
      9.299323081970215,
      9.502082824707031,
      9.7556791305542,
      10.049253463745117,
      10.21516227722168,
      10.687460899353027,
      11.112571716308594,
      11.444510459899902,
      11.938708305358887,
      12.350863456726074,
      13.00781536102295,
      14.19473648071289,
      15.691747665405273,
      17.7105712890625,
      20.87775421142578,
      17.065826416015625,
      11.626358032226562
    ]
  },
  "vary_num_samples_32": {
    "score": 91.3547134399414,
    "per_frame_errors": [
      10.962899208068848,
      26.816038131713867,
      20.98919677734375,
      19.844579696655273,
      17.36076545715332,
      15.599248886108398,
      14.27483081817627,
      13.350931167602539,
      12.667945861816406,
      11.965240478515625,
      11.617236137390137,
      11.248724937438965,
      10.93337345123291,
      10.625636100769043,
      10.211973190307617,
      9.92851448059082,
      9.805688858032227,
      9.724129676818848,
      9.576752662658691,
      9.38121223449707,
      9.34733772277832,
      9.167895317077637,
      9.020403861999512,
      8.864293098449707,
      8.624863624572754,
      8.553566932678223,
      8.596195220947266,
      9.135462760925293,
      7.234941482543945,
      5.96247673034668,
      4.5332794189453125,
      8.996367454528809,
      7.529236316680908,
      8.199897766113281,
      8.21387004852295,
      8.064932823181152,
      7.926511764526367,
      7.879958152770996,
      7.796413421630859,
      7.746035575866699,
      7.752461910247803,
      7.4307966232299805,
      7.50611686706543,
      7.559201240539551,
      7.476445198059082,
      7.474473476409912,
      7.198574066162109,
      7.103541851043701,
      7.102768421173096,
      7.141544342041016,
      7.040340900421143,
      6.88771390914917,
      6.8892998695373535,
      6.908694267272949,
      6.941091060638428,
      6.914802551269531,
      6.854629993438721,
      7.351753234863281,
      5.743372917175293,
      4.924804210662842,
      3.795119524002075,
      7.590600967407227,
      6.192586898803711,
      6.703161716461182,
      6.8450927734375,
      6.948343276977539,
      6.9918999671936035,
      6.870357036590576,
      6.734350204467773,
      6.799341201782227,
      6.859980583190918,
      6.883033275604248,
      6.936352729797363,
      6.782749652862549,
      6.856584548950195,
      6.903861045837402,
      6.940310001373291,
      7.019830226898193,
      6.803469181060791,
      6.830697536468506,
      6.897505283355713,
      7.007083415985107,
      6.986876010894775,
      6.876327991485596,
      6.932969093322754,
      6.942522048950195,
      7.015716075897217,
      7.421654224395752,
      5.634162425994873,
      4.851137161254883,
      3.7517385482788086,
      7.633371829986572,
      6.344303607940674,
      6.860429286956787,
      6.720710754394531,
      6.60269832611084,
      6.75800085067749,
      6.869194030761719,
      6.918774127960205,
      6.848231315612793,
      6.75994873046875,
      6.83394193649292,
      6.8959550857543945,
      6.911744594573975,
      6.942209720611572,
      6.762399673461914,
      6.883607864379883,
      6.987107753753662,
      6.977547645568848,
      7.047966480255127,
      6.91124963760376,
      6.935100078582764,
      7.128571510314941,
      7.300572872161865,
      7.341196537017822,
      7.303205966949463,
      7.5389604568481445,
      8.101276397705078,
      6.513391494750977,
      5.600132465362549,
      4.242298603057861,
      8.699152946472168,
      7.374938488006592,
      8.013460159301758,
      8.10161018371582,
      8.17271614074707,
      8.181058883666992,
      8.236681938171387,
      8.452080726623535,
      8.713430404663086,
      8.970526695251465,
      9.062553405761719,
      9.113456726074219,
      9.301295280456543,
      9.511541366577148,
      9.763031005859375,
      10.050162315368652,
      10.21475601196289,
      10.686790466308594,
      11.110174179077148,
      11.442949295043945,
      11.938944816589355,
      12.41540241241455,
      13.148427963256836,
      14.311569213867188,
      15.816679954528809,
      17.722803115844727,
      20.886600494384766,
      17.14145851135254,
      11.678032875061035
    ]
  },
  "vary_num_samples_4": {
    "score": 91.09331512451172,