{
  "vary_alpha_weight_0.01": {
    "score": 87.89738464355469,
    "per_frame_errors": [
      23.978437423706055,
      29.075510025024414,
      20.996618270874023,
      19.280561447143555,
      17.218704223632812,
      15.855819702148438,
      14.71090316772461,
      13.90842056274414,
      13.314152717590332,
      12.738066673278809,
      12.21957015991211,
      11.823845863342285,
      11.397443771362305,
      11.149238586425781,
      10.8446044921875,
      10.579878807067871,
      10.417070388793945,
      10.292387008666992,
      10.132701873779297,
      10.0128755569458,
      9.997190475463867,
      9.933932304382324,
      9.838048934936523,
      9.784174919128418,
      9.783209800720215,
      9.780777931213379,
      9.798839569091797,
      10.107934951782227,
      8.880949974060059,
      7.096368789672852,
      6.316908836364746,
      10.802696228027344,
      9.885798454284668,
      10.410256385803223,
      10.920599937438965
    ]
  },
  "vary_alpha_weight_0.02": {
    "score": 88.62779998779297,
    "per_frame_errors": [
      18.94438362121582,
      24.499399185180664,
      18.777660369873047,
      17.51203155517578,
      15.846972465515137,
      14.70849323272705,
      13.710230827331543,
      12.991151809692383,
      12.449112892150879,
      11.942159652709961,
      11.476064682006836,
      11.105622291564941,
      10.715533256530762,
      10.507978439331055,
      10.255843162536621,
      10.00978946685791,
      9.854755401611328,
      9.759010314941406,
      9.620017051696777,
      9.512199401855469,
      9.499116897583008,
      9.448470115661621,
      9.375694274902344,
      9.323050498962402,
      9.323956489562988,
      9.333301544189453,
      9.363051414489746,
      9.66641902923584,
      8.447155952453613,
      6.720211505889893,
      6.003925323486328,
      10.341554641723633,
      9.460310935974121,
      9.966564178466797,
      10.475173950195312
    ]
  },
  "vary_alpha_weight_0.04": {
    "score": 89.44960021972656,
    "per_frame_errors": [
      22.760805130004883,
      27.410858154296875,
      19.44870376586914,
      17.57560920715332,
      15.441210746765137,
      14.057646751403809,
      12.96696949005127,
      12.132941246032715,
      11.504329681396484,
      10.96981430053711,
      10.478734970092773,
      10.0798978805542,
      9.654894828796387,
      9.444392204284668,
      9.217312812805176,
      8.955697059631348,
      8.778730392456055,
      8.708107948303223,
      8.577071189880371,
      8.468588829040527,
      8.449237823486328,
      8.409806251525879,
      8.370131492614746,
      8.31540584564209,
      8.299213409423828,
      8.330613136291504,
      8.35949993133545,
      8.648971557617188,
      7.501385688781738,
      5.975022792816162,
      5.337337017059326,
      9.286639213562012,
      8.46003532409668,
      8.9223051071167,
      9.423248291015625
    ]
  },
  "vary_alpha_weight_0.06": {
    "score": 90.382080078125,
    "per_frame_errors": [
      17.397123336791992,
      22.31425666809082,
      16.75932502746582,
      15.334429740905762,
      13.612030982971191,
      12.481963157653809,
      11.574350357055664,
      10.83181095123291,
      10.274556159973145,
      9.840828895568848,
      9.420879364013672,
      9.070693969726562,
      8.705106735229492,
      8.544503211975098,
      8.395840644836426,
      8.162145614624023,
      8.012431144714355,
      7.984805107116699,
      7.8856401443481445,
      7.796451091766357,
      7.787322998046875,
      7.766684055328369,
      7.75952672958374,
      7.70396614074707,
      7.693961143493652,
      7.7507758140563965,
      7.790066242218018,
      8.06473159790039,
      6.954344749450684,
      5.510866641998291,
      4.95041036605835,
      8.676769256591797,
      7.896717548370361,
      8.342693328857422,
      8.839529037475586
    ]
  },
  "vary_alpha_weight_0.1": {
    "score": 91.41508483886719,
    "per_frame_errors": [
      20.46402931213379,
      24.34115982055664,
      16.690073013305664,
      14.628512382507324,
      12.479774475097656,
      11.15732479095459,
      10.225054740905762,
      9.405814170837402,
      8.813230514526367,
      8.420293807983398,
      8.027803421020508,
      7.686738967895508,
      7.336054801940918,
      7.2079973220825195,
      7.116635799407959,
      6.8900465965271,
      6.751993179321289,
      6.774328231811523,
      6.700019359588623,
      6.627938747406006,
      6.620798110961914,
      6.62706184387207,
      6.655683517456055,
      6.599754810333252,
      6.5772504806518555,
      6.663693904876709,
      6.7027668952941895,
      6.9514875411987305,
      5.957339286804199,
      4.730248928070068,
      4.251659870147705,
      7.521575927734375,
      6.8066558837890625,
      7.214170932769775,
      7.698997497558594
    ]
  },
  "vary_alpha_weight_0.2": {
    "score": 93.30728149414062,
    "per_frame_errors": [
      12.83154296875,
      16.064077377319336,
      11.331290245056152,
      9.85677433013916,
      8.373621940612793,
      7.519754886627197,
      7.019456386566162,
      6.477646350860596,
      6.138123512268066,
      6.019479274749756,
      5.838062286376953,
      5.649836540222168,
      5.452919006347656,
      5.442132472991943,
      5.492836952209473,
      5.346325397491455,
      5.280406475067139,
      5.378634452819824,
      5.350931644439697,
      5.309964656829834,
      5.325807094573975,
      5.351169586181641,
      5.428004264831543,
      5.356504440307617,
      5.342620849609375,
      5.469381809234619,
      5.4898457527160645,
      5.698025226593018,
      4.837131023406982,
      3.8199079036712646,
      3.451700210571289,
      6.143157005310059,
      5.510104656219482,
      5.911452293395996,
      6.3829193115234375
    ]
  },
  "vary_alpha_weight_0.5": {
    "score": 94.32413482666016,
    "per_frame_errors": [
      10.431228637695312,
      12.177888870239258,
      7.566455364227295,
      6.38900899887085,
      5.397911071777344,
      4.904901027679443,
      4.808559894561768,
      4.720442771911621,
      4.694953441619873,
      4.721007823944092,
      4.713271617889404,
      4.672724723815918,
      4.609682559967041,
      4.584413051605225,
      4.700944900512695,
      4.699278354644775,
      4.659702301025391,
      4.701871395111084,
      4.698313236236572,
      4.694134712219238,
      4.727526664733887,
      4.659592151641846,
      4.73753547668457,
      4.783969402313232,
      4.788879871368408,
      4.858736038208008,
      4.8246893882751465,
      5.043782711029053,
      4.165126323699951,
      3.1250343322753906,
      2.8432040214538574,
      5.299411773681641,
      4.757468223571777,
      5.155562877655029,
      5.651060581207275
    ]
  },
  "vary_alpha_weight_0.6": {
    "score": 94.44124603271484,
    "per_frame_errors": [
      5.962559700012207,
      7.919066429138184,
      5.620830535888672,
      5.223921775817871,
      4.829702854156494,
      4.579705715179443,
      4.618341445922852,
      4.716841220855713,
      4.733908176422119,
      4.722647666931152,
      4.753538131713867,
      4.744241714477539,
      4.6978440284729,
      4.625725269317627,
      4.74006462097168,
      4.847434043884277,
      4.782886028289795,
      4.770918846130371,
      4.785327911376953,
      4.800239086151123,
      4.846271514892578,
      4.725429058074951,
      4.79756498336792,
      4.955655097961426,
      4.937607288360596,
      4.942101001739502,
      4.913082122802734,
      5.164081573486328,
      4.217870712280273,
      3.1029374599456787,
      2.8085954189300537,
      5.4201483726501465,
      4.856787204742432,
      5.225425720214844,
      5.754983425140381
    ]
  },
  "vary_alpha_weight_0.7": {
    "score": 94.17546081542969,