{
  "vary_filter_size_0.1": {
    "score": 89.52252960205078,
    "per_frame_errors": [
      18.20730972290039,
      23.4415283203125,
      17.792083740234375,
      16.44784927368164,
      14.743084907531738,
      13.599117279052734,
      12.645992279052734,
      11.91077709197998,
      11.35222339630127,
      10.881028175354004,
      10.429421424865723,
      10.067802429199219,
      9.683794021606445,
      9.503379821777344,
      9.30251693725586,
      9.068390846252441,
      8.90837574005127,
      8.847018241882324,
      8.729243278503418,
      8.630658149719238,
      8.620735168457031,
      8.586893081665039,
      8.551498413085938,
      8.498285293579102,
      8.492033004760742,
      8.526305198669434,
      8.55936336517334,
      8.849632263183594,
      7.676064968109131,
      6.069446086883545,
      5.471922397613525,
      9.494035720825195,
      8.666220664978027,
      9.137401580810547,
      9.638595581054688
    ]
  },
  "vary_filter_size_0.25": {
    "score": 89.34917449951172,
    "per_frame_errors": [
      22.73910903930664,
      27.41302490234375,
      19.444650650024414,
      17.557294845581055,
      15.437403678894043,
      14.071805953979492,
      12.98928165435791,
      12.161392211914062,
      11.539131164550781,
      11.013423919677734,
      10.530152320861816,
      10.139812469482422,
      9.725981712341309,
      9.5236177444458,
      9.302895545959473,
      9.045328140258789,
      8.879260063171387,
      8.81153392791748,
      8.684097290039062,
      8.575026512145996,
      8.560441970825195,
      8.52196979522705,
      8.485448837280273,
      8.426188468933105,
      8.415507316589355,
      8.447097778320312,
      8.478381156921387,
      8.769902229309082,
      7.600227355957031,
      6.032033920288086,
      5.405846118927002,
      9.4053373336792,
      8.582924842834473,
      9.054717063903809,
      9.557279586791992
    ]
  },
  "vary_filter_size_0.5": {
    "score": 89.71349334716797,
    "per_frame_errors": [
      18.13953399658203,
      23.3463077545166,
      17.705339431762695,
      16.349353790283203,
      14.635442733764648,
      13.48571491241455,
      12.523664474487305,
      11.780149459838867,
      11.215936660766602,
      10.73916244506836,
      10.286145210266113,
      9.918853759765625,
      9.520411491394043,
      9.328435897827148,
      9.11982250213623,
      8.871430397033691,
      8.708674430847168,
      8.649405479431152,
      8.526750564575195,
      8.42447566986084,
      8.414164543151855,
      8.378033638000488,
      8.34201717376709,
      8.291933059692383,
      8.276829719543457,
      8.312511444091797,
      8.342630386352539,
      8.631998062133789,
      7.488309383392334,
      5.9666337966918945,
      5.328203201293945,
      9.277188301086426,
      8.451196670532227,
      8.915517807006836,
      9.417222023010254
    ]
  },
  "vary_filter_size_0.7": {
    "score": 89.34615325927734,
    "per_frame_errors": [
      22.7680606842041,
      27.461334228515625,
      19.475305557250977,
      17.5764102935791,
      15.459125518798828,
      14.090520858764648,
      13.00964641571045,
      12.178664207458496,
      11.558279991149902,
      11.029576301574707,
      10.544686317443848,
      10.149307250976562,
      9.734830856323242,
      9.532425880432129,
      9.312671661376953,
      9.057879447937012,
      8.8883695602417,
      8.816890716552734,
      8.68815803527832,
      8.577181816101074,
      8.560877799987793,
      8.523053169250488,
      8.484766006469727,
      8.426124572753906,
      8.415966033935547,
      8.446592330932617,
      8.476367950439453,
      8.765751838684082,
      7.597713947296143,
      6.030465126037598,
      5.403658866882324,
      9.401169776916504,
      8.578363418579102,
      9.049351692199707,
      9.551620483398438
    ]
  },
  "vary_filter_size_0.9": {
    "score": 89.70197296142578,
    "per_frame_errors": [
      18.156171798706055,
      23.35072135925293,
      17.70303726196289,
      16.349504470825195,
      14.640125274658203,
      13.49162769317627,
      12.529654502868652,
      11.788086891174316,
      11.223490715026855,
      10.747640609741211,
      10.292956352233887,
      9.923755645751953,
      9.529549598693848,
      9.337890625,
      9.132052421569824,
      8.881985664367676,
      8.719802856445312,
      8.660100936889648,
      8.538419723510742,
      8.436543464660645,
      8.425397872924805,
      8.388985633850098,
      8.354387283325195,
      8.30224323272705,
      8.289658546447754,
      8.326172828674316,
      8.358407020568848,
      8.644554138183594,
      7.50084924697876,
      5.975033760070801,
      5.338890552520752,
      9.288092613220215,
      8.4612455368042,
      8.926198959350586,
      9.428892135620117
    ]
  },
  "vary_filter_size_0.95": {
    "score": 89.34210205078125,
    "per_frame_errors": [
      22.768075942993164,
      27.457111358642578,
      19.478683471679688,
      17.58490562438965,
      15.465014457702637,
      14.093402862548828,
      13.011756896972656,
      12.179532051086426,
      11.555469512939453,
      11.028343200683594,
      10.543212890625,
      10.151410102844238,
      9.737855911254883,
      9.535843849182129,
      9.31424331665039,
      9.058650016784668,
      8.888774871826172,
      8.820419311523438,
      8.69067668914795,
      8.582378387451172,
      8.565071105957031,
      8.52597427368164,
      8.489057540893555,
      8.429768562316895,
      8.418240547180176,
      8.450004577636719,
      8.481606483459473,
      8.772073745727539,
      7.604235649108887,
      6.034702777862549,
      5.409623622894287,
      9.410117149353027,
      8.5861234664917,
      9.05704402923584,
      9.558597564697266
    ]
  },
  "vary_filter_size_1.0": {
    "score": 89.52613067626953,
    "per_frame_errors": [
      18.205652236938477,
      23.440235137939453,
      17.79283332824707,
      16.44717788696289,
      14.742355346679688,
      13.60012149810791,
      12.643989562988281,
      11.909332275390625,
      11.35310173034668,
      10.880929946899414,
      10.428906440734863,
      10.0660400390625,
      9.681400299072266,
      9.498282432556152,
      9.297982215881348,
      9.062235832214355,
      8.906367301940918,
      8.845592498779297,
      8.728342056274414,
      8.629009246826172,
      8.617606163024902,
      8.58368968963623,
      8.548149108886719,
      8.493149757385254,
      8.487874984741211,
      8.521774291992188,
      8.552560806274414,
      8.843017578125,
      7.671043395996094,
      6.06489372253418,
      5.468395709991455,
      9.4865083694458,
      8.65821647644043,
      9.131145477294922,
      9.633541107177734
    ]
  }
}