{
  "vary_hist_percent_1": {
    "score": 89.45149993896484,
    "per_frame_errors": [
      22.74500846862793,
      27.405445098876953,
      19.444732666015625,
      17.564149856567383,
      15.430787086486816,
      14.051837921142578,
      12.96265983581543,
      12.127410888671875,
      11.498823165893555,
      10.966798782348633,
      10.475523948669434,
      10.076743125915527,
      9.652387619018555,
      9.438925743103027,
      9.211631774902344,
      8.946581840515137,
      8.774701118469238,
      8.703939437866211,
      8.573412895202637,
      8.46384334564209,
      8.443929672241211,
      8.406304359436035,
      8.367920875549316,
      8.312127113342285,
      8.29423713684082,
      8.327698707580566,
      8.357000350952148,
      8.644815444946289,
      7.498290061950684,
      5.972684383392334,
      5.333841800689697,
      9.283090591430664,
      8.457406997680664,
      8.92098617553711,
      9.426482200622559
    ]
  },
  "vary_hist_percent_10": {
    "score": 89.27067565917969,
    "per_frame_errors": [
      22.82259178161621,
      27.528396606445312,
      19.54283905029297,
      17.66159439086914,
      15.538087844848633,
      14.165348052978516,
      13.081982612609863,
      12.248616218566895,
      11.625234603881836,
      11.097115516662598,
      10.607708930969238,
      10.217352867126465,
      9.804831504821777,
      9.6040620803833,
      9.383002281188965,
      9.131002426147461,
      8.963016510009766,
      8.89432144165039,
      8.768645286560059,
      8.662212371826172,
      8.641021728515625,
      8.60448932647705,
      8.566292762756348,
      8.508231163024902,
      8.498516082763672,
      8.53056526184082,
      8.5592041015625,
      8.849434852600098,
      7.674652576446533,
      6.067718029022217,
      5.469305038452148,
      9.487839698791504,
      8.659801483154297,
      9.130741119384766,
      9.633561134338379
    ]
  },
  "vary_hist_percent_100": {
    "score": 89.54647064208984,
    "per_frame_errors": [
      18.18702507019043,
      23.4277400970459,
      17.775772094726562,
      16.42616844177246,
      14.724095344543457,
      13.580742835998535,
      12.626819610595703,
      11.888983726501465,
      11.32899284362793,
      10.858680725097656,
      10.40848159790039,
      10.045199394226074,
      9.66102409362793,
      9.477293014526367,
      9.27591609954834,
      9.037988662719727,
      8.881267547607422,
      8.821452140808105,
      8.702691078186035,
      8.603809356689453,
      8.594077110290527,
      8.560711860656738,
      8.525163650512695,
      8.471016883850098,
      8.465179443359375,
      8.49891185760498,
      8.532719612121582,
      8.824236869812012,
      7.650454044342041,
      6.051668167114258,
      5.451180934906006,
      9.467984199523926,
      8.642906188964844,
      9.113468170166016,
      9.614855766296387
    ]
  },
  "vary_hist_percent_125": {
    "score": 89.9510498046875,
    "per_frame_errors": [
      21.21376609802246,
      26.078832626342773,
      18.679443359375,
      16.85577392578125,
      14.819716453552246,
      13.351381301879883,
      12.26398754119873,
      11.470983505249023,
      10.854530334472656,
      10.336146354675293,
      9.901589393615723,
      9.547443389892578,
      9.173206329345703,
      8.961567878723145,
      8.718982696533203,
      8.506669044494629,
      8.350436210632324,
      8.263582229614258,
      8.16390609741211,
      8.103971481323242,
      8.087437629699707,
      8.043152809143066,
      7.969725131988525,
      7.949985980987549,
      7.937875747680664,
      7.963188171386719,
      7.997120380401611,
      8.273213386535645,
      7.227993011474609,
      5.707181453704834,
      5.080766677856445,
      8.893892288208008,
      8.116525650024414,
      8.553027153015137,
      9.016313552856445
    ]
  },
  "vary_hist_percent_15": {
    "score": 89.59710693359375,
    "per_frame_errors": [
      18.160825729370117,
      23.392854690551758,
      17.744138717651367,
      16.392669677734375,
      14.684667587280273,
      13.53857421875,
      12.581962585449219,
      11.845856666564941,
      11.28576374053955,
      10.81416130065918,
      10.364012718200684,
      9.999497413635254,
      9.61206340789795,
      9.430241584777832,
      9.227153778076172,
      8.988308906555176,
      8.828156471252441,
      8.768216133117676,
      8.649771690368652,
      8.547576904296875,
      8.538397789001465,
      8.502954483032227,
      8.469832420349121,
      8.414588928222656,
      8.407835006713867,
      8.442447662353516,
      8.474610328674316,
      8.76477336883545,
      7.599617004394531,
      6.032364845275879,
      5.406802177429199,
      9.407272338867188,
      8.581657409667969,
      9.053961753845215,
      9.556511878967285
    ]
  },
  "vary_hist_percent_150": {
    "score": 90.755859375,
    "per_frame_errors": [
      16.10950469970703,
      21.087997436523438,
      15.992392539978027,
      14.606700897216797,
      12.995484352111816,
      11.849546432495117,
      10.937479019165039,
      10.296873092651367,
      9.805837631225586,
      9.387836456298828,
      9.034287452697754,
      8.73472785949707,
      8.397451400756836,
      8.2361421585083,
      8.045170783996582,
      7.875710487365723,
      7.768960475921631,
      7.712409496307373,
      7.6376118659973145,
      7.598401069641113,
      7.588196754455566,
      7.572664260864258,
      7.509413242340088,
      7.48046875,
      7.499827861785889,
      7.531689643859863,
      7.549332618713379,
      7.8165602684021,
      6.861476421356201,
      5.4071502685546875,
      4.823522567749023,
      8.421041488647461,
      7.695845127105713,
      8.123363494873047,
      8.549588203430176
    ]
  },
  "vary_hist_percent_200": {
    "score": 91.12146759033203,
    "per_frame_errors": [
      18.472766876220703,
      22.992839813232422,
      16.028636932373047,
      14.309195518493652,
      12.476716995239258,
      11.185063362121582,
      10.230260848999023,
      9.509403228759766,
      9.045999526977539,
      8.700323104858398,
      8.342077255249023,
      8.079117774963379,
      7.802167892456055,
      7.660249710083008,
      7.507521152496338,
      7.355967044830322,
      7.269737720489502,
      7.223640441894531,
      7.179019927978516,
      7.1444478034973145,
      7.159513473510742,
      7.160792350769043,
      7.106613636016846,
      7.090554237365723,
      7.104827404022217,
      7.1553425788879395,
      7.167365074157715,
      7.404446601867676,
      6.539153575897217,
      5.143629550933838,
      4.590803146362305,
      8.012250900268555,
      7.304590702056885,
      7.736208438873291,
      8.15149211883545
    ]
  },
  "vary_hist_percent_30": {
    "score": 89.34356689453125,
    "per_frame_errors": [
      22.768699645996094,
      27.4669189453125,
      19.485748291015625,
      17.607088088989258,
      15.481512069702148,
      14.104920387268066,
      13.018309593200684,
      12.184957504272461,
      11.55939769744873,
      11.032069206237793,
      10.545381546020508,
      10.151594161987305,
      9.738274574279785,
      9.534424781799316,
      9.312864303588867,
      9.058266639709473,
      8.89013957977295,
      8.819010734558105,
      8.690040588378906,
      8.579927444458008,
      8.561238288879395,
      8.524103164672852,
      8.486329078674316,
      8.428702354431152,
      8.417448043823242,
      8.449328422546387,
      8.479907989501953,
      8.770406723022461,
      7.602275371551514,
      6.03342342376709,
      5.4057841300964355,
      9.404167175292969,
      8.581180572509766,
      9.052483558654785,
      9.554108619689941
    ]
  },
  "vary_hist_percent_5": {
    "score": 89.70738983154297,