{
  "vary_num_samples_16": {
    "score": 89.3261489868164,
    "per_frame_errors": [
      22.958330154418945,
      27.65163803100586,
      19.734291076660156,
      17.82100486755371,
      15.673991203308105,
      14.239692687988281,
      13.12408447265625,
      12.326568603515625,
      11.675233840942383,
      11.102230072021484,
      10.566835403442383,
      10.146320343017578,
      9.750287055969238,
      9.58832836151123,
      9.268057823181152,
      9.000555038452148,
      8.842787742614746,
      8.790079116821289,
      8.682849884033203,
      8.573454856872559,
      8.547155380249023,
      8.503063201904297,
      8.47392749786377,
      8.51444149017334,
      8.455327987670898,
      8.423608779907227,
      8.440269470214844,
      8.714531898498535,
      7.5733466148376465,
      6.049491882324219,
      5.306300640106201,
      9.298660278320312,
      8.503829956054688,
      9.004172325134277,
      9.538362503051758
    ]
  },
  "vary_num_samples_32": {
    "score": 89.53022766113281,
    "per_frame_errors": [
      17.851667404174805,
      23.12871551513672,
      17.619098663330078,
      16.31352424621582,
      14.644857406616211,
      13.512707710266113,
      12.59384822845459,
      11.932147979736328,
      11.3718843460083,
      10.870673179626465,
      10.384805679321289,
      9.999641418457031,
      9.644282341003418,
      9.516979217529297,
      9.260912895202637,
      9.059194564819336,
      8.947279930114746,
      8.885525703430176,
      8.751991271972656,
      8.617883682250977,
      8.578426361083984,
      8.638260841369629,
      8.593168258666992,
      8.536815643310547,
      8.548840522766113,
      8.577266693115234,
      8.56533432006836,
      8.823663711547852,
      7.7175092697143555,
      6.128378391265869,
      5.382145404815674,
      9.450105667114258,
      8.651445388793945,
      9.14145565032959,
      9.665680885314941
    ]
  },
  "vary_num_samples_4": {
    "score": 88.98458862304688,
    "per_frame_errors": [
      23.06837272644043,
      28.037548065185547,
      20.205774307250977,
      18.517276763916016,
      16.352685928344727,
      14.81666088104248,
      13.71922779083252,
      12.879700660705566,
      12.113893508911133,
      11.539597511291504,
      11.02829647064209,
      10.610411643981934,
      10.13199234008789,
      9.921250343322754,
      9.642951965332031,
      9.382569313049316,
      9.186273574829102,
      9.116446495056152,
      8.996334075927734,
      8.848318099975586,
      8.767436981201172,
      8.807443618774414,
      8.758867263793945,
      8.711466789245605,
      8.663549423217773,
      8.706480979919434,
      8.705222129821777,
      8.994339942932129,
      7.789511203765869,
      6.186203956604004,
      5.528772830963135,
      9.654163360595703,
      8.774386405944824,
      9.266379356384277,
      9.837855339050293
    ]
  },
  "vary_num_samples_64": {
    "score": 89.33394622802734,
    "per_frame_errors": [
      21.880046844482422,
      27.241790771484375,
      19.002492904663086,
      17.243637084960938,
      15.398950576782227,
      14.032333374023438,
      13.033151626586914,
      12.250333786010742,
      11.608061790466309,
      11.068807601928711,
      10.64417839050293,
      10.28690242767334,
      9.870206832885742,
      9.664627075195312,
      9.42840576171875,
      9.153242111206055,
      8.958001136779785,
      8.857148170471191,
      8.721656799316406,
      8.676254272460938,
      8.693312644958496,
      8.700211524963379,
      8.626849174499512,
      8.630023002624512,
      8.60883617401123,
      8.609893798828125,
      8.609199523925781,
      8.879278182983398,
      7.635411739349365,
      5.944789886474609,
      5.332028865814209,
      9.310281753540039,
      8.504237174987793,
      9.02089786529541,
      9.573716163635254
    ]
  },
  "vary_num_samples_8": {
    "score": 89.64497375488281,
    "per_frame_errors": [
      18.191171646118164,
      23.394681930541992,
      17.752124786376953,
      16.399497985839844,
      14.685744285583496,
      13.539552688598633,
      12.578141212463379,
      11.836045265197754,
      11.273384094238281,
      10.795744895935059,
      10.340370178222656,
      9.97561264038086,
      9.582986831665039,
      9.391944885253906,
      9.187101364135742,
      8.944709777832031,
      8.780635833740234,
      8.718825340270996,
      8.597023963928223,
      8.499322891235352,
      8.486653327941895,
      8.453254699707031,
      8.418717384338379,
      8.368029594421387,
      8.355862617492676,
      8.390387535095215,
      8.422444343566895,
      8.7114839553833,
      7.562605381011963,
      6.000864028930664,
      5.390192985534668,
      9.357894897460938,
      8.526808738708496,
      8.991057395935059,
      9.492047309875488
    ]
  }
}