{
  "vary_num_samples_16": {
    "score": 97.72716522216797,
    "per_frame_errors": [
      10.756084442138672,
      16.437767028808594,
      12.996872901916504,
      12.198719024658203,
      10.782675743103027,
      9.843719482421875,
      8.988709449768066,
      8.306535720825195,
      7.851970672607422,
      7.4433274269104,
      7.034825325012207,
      6.664219379425049,
      6.319763660430908,
      5.996952056884766,
      5.692610740661621,
      5.417416095733643,
      5.145700931549072,
      4.899806976318359,
      4.675945281982422,
      4.454439640045166,
      4.242367744445801,
      4.060105323791504,
      3.8853044509887695,
      3.7185890674591064,
      3.546970844268799,
      3.385906219482422,
      3.1960246562957764,
      3.186063289642334,
      2.398932456970215,
      1.6906564235687256,
      1.2140984535217285,
      2.5854084491729736,
      2.3627843856811523,
      2.4441475868225098,
      2.3817577362060547,
      2.288046360015869,
      2.213075637817383,
      2.1414661407470703,
      2.076261043548584,
      2.021144390106201,
      1.960074782371521,
      1.8933073282241821,
      1.8370121717453003,
      1.7943617105484009,
      1.7357535362243652,
      1.7233588695526123,
      1.675593376159668,
      1.616804838180542,
      1.5685335397720337,
      1.5491273403167725,
      1.5392649173736572,
      1.4801303148269653,
      1.4445695877075195,
      1.4207332134246826,
      1.4037877321243286,
      1.3950473070144653,
      1.3352534770965576,
      1.340418815612793,
      0.9380736351013184,
      0.6018736362457275,
      0.44366616010665894,
      1.2055844068527222,
      1.1150286197662354,
      1.235386610031128,
      1.2343400716781616,
      1.2104572057724,
      1.2061760425567627,
      1.1651242971420288,
      1.1613565683364868,
      1.1614314317703247,
      1.15950608253479,
      1.158402442932129,
      1.147962212562561,
      1.13862144947052,
      1.1567150354385376,
      1.1584864854812622,
      1.1410093307495117,
      1.1604702472686768,
      1.1359511613845825,
      1.1424254179000854,
      1.125504970550537,
      1.1121407747268677,
      1.1320260763168335,
      1.1000267267227173,
      1.092995285987854,
      1.0932419300079346,
      1.051792025566101,
      1.1013871431350708,
      0.7526242136955261,
      0.45956939458847046,
      0.3564246892929077,
      1.031712532043457,
      0.9644970297813416,
      1.1025536060333252,
      1.098107933998108,
      1.1050461530685425,
      1.0891411304473877,
      1.0912972688674927,
      1.1100046634674072,
      1.075206995010376,
      1.0770652294158936,
      1.0867204666137695,
      1.0881088972091675,
      1.0879369974136353,
      1.0858795642852783,
      1.0750439167022705,
      1.0837916135787964,
      1.1003820896148682,
      1.0988918542861938,
      1.1213603019714355,
      1.101631760597229,
      1.095515251159668,
      1.0804537534713745,
      1.081322193145752,
      1.0963056087493896,
      1.067305326461792,
      1.0288770198822021,
      1.0652997493743896,
      0.7307976484298706,
      0.4528522193431854,
      0.3339686989784241,
      0.9750744104385376,
      0.9283154010772705,
      1.0676220655441284,
      1.08017098903656,
      1.102055549621582,
      1.0808589458465576,
      1.0862594842910767,
      1.0695955753326416,
      1.0697327852249146,
      1.0859732627868652,
      1.0611076354980469,
      1.0589042901992798,
      1.0638200044631958,
      1.0812667608261108,
      1.0795884132385254,
      1.0786018371582031,
      1.0620477199554443,
      1.0641553401947021,
      1.0817382335662842,
      1.0880345106124878,
      1.108380913734436,
      1.0955159664154053,
      1.0888872146606445,
      1.0769164562225342,
      1.085009217262268,
      1.0575882196426392,
      1.0541713237762451
    ]
  },
  "vary_num_samples_32": {
    "score": 97.82211303710938,
    "per_frame_errors": [
      8.800063133239746,
      14.250565528869629,
      11.874345779418945,
      11.045270919799805,
      9.966957092285156,
      9.273045539855957,
      8.574447631835938,
      7.986052989959717,
      7.571956634521484,
      7.1946821212768555,
      6.781312465667725,
      6.42054557800293,
      6.085023880004883,
      5.774984836578369,
      5.480670928955078,
      5.2387566566467285,
      5.009673118591309,
      4.793213367462158,
      4.566378593444824,
      4.335531234741211,
      4.147060394287109,
      3.9484949111938477,
      3.7698287963867188,
      3.5990095138549805,
      3.462303876876831,
      3.325399875640869,
      3.112685203552246,
      3.067857265472412,
      2.3026955127716064,
      1.6163195371627808,
      1.1678245067596436,
      2.4916090965270996,
      2.271946907043457,
      2.3509585857391357,
      2.2909576892852783,
      2.2085671424865723,
      2.1440913677215576,
      2.0734262466430664,
      2.0081875324249268,
      1.9444481134414673,
      1.8808817863464355,
      1.8191889524459839,
      1.767667293548584,
      1.7215756177902222,
      1.6721991300582886,
      1.6632192134857178,
      1.5970662832260132,
      1.5552469491958618,
      1.543636441230774,
      1.532651424407959,
      1.5002325773239136,
      1.4588768482208252,
      1.4278461933135986,
      1.3827005624771118,
      1.3788179159164429,
      1.3395646810531616,
      1.291535496711731,
      1.3356324434280396,
      0.9361479878425598,
      0.5794425010681152,
      0.42909127473831177,
      1.1878925561904907,
      1.104406714439392,
      1.2223401069641113,
      1.2115373611450195,
      1.2085585594177246,
      1.2212631702423096,
      1.1899590492248535,
      1.1780897378921509,
      1.1665713787078857,
      1.1689568758010864,
      1.1671123504638672,
      1.159021019935608,
      1.1408207416534424,
      1.135646104812622,
      1.1349462270736694,
      1.1332427263259888,
      1.1552385091781616,
      1.119349718093872,
      1.1023560762405396,
      1.1176836490631104,
      1.1501953601837158,
      1.130340337753296,
      1.1031931638717651,
      1.1030091047286987,
      1.08000648021698,
      1.0394980907440186,
      1.0653802156448364,
      0.743253767490387,
      0.4672691524028778,
      0.3538566827774048,
      1.0084959268569946,
      0.9422128200531006,
      1.093358039855957,
      1.0936461687088013,
      1.1041897535324097,
      1.0827527046203613,
      1.0767806768417358,
      1.094808578491211,
      1.0754847526550293,
      1.0684173107147217,
      1.065049409866333,
      1.074979305267334,
      1.0763906240463257,
      1.0841224193572998,
      1.0700007677078247,
      1.0725082159042358,
      1.0813246965408325,
      1.0738450288772583,
      1.0949578285217285,
      1.0629031658172607,
      1.0488265752792358,
      1.0701656341552734,
      1.1026872396469116,
      1.089227318763733,
      1.0648449659347534,
      1.0229225158691406,
      1.044281244277954,
      0.7157954573631287,
      0.434303879737854,
      0.3323972821235657,
      0.99118572473526,
      0.9385838508605957,
      1.0280752182006836,
      1.0657838582992554,
      1.0976742506027222,
      1.0741488933563232,
      1.0741512775421143,
      1.0540348291397095,
      1.0593129396438599,
      1.0794117450714111,
      1.062788963317871,
      1.059363603591919,
      1.058424472808838,
      1.0694211721420288,
      1.0629115104675293,
      1.067899465560913,
      1.0586389303207397,
      1.0632109642028809,
      1.0678064823150635,
      1.0631555318832397,
      1.0931452512741089,
      1.0621329545974731,
      1.0475562810897827,
      1.0697119235992432,
      1.0936708450317383,
      1.0419617891311646,
      1.059919834136963
    ]
  },
  "vary_num_samples_4": {
    "score": 97.34280395507812,