{
  "vary_num_samples_16": {
    "score": 77.07212829589844,
    "per_frame_errors": [
      8.661669731140137,
      22.29204559326172,
      21.166650772094727,
      22.145849227905273,
      22.25025749206543,
      22.52458953857422,
      22.6514892578125,
      22.365243911743164,
      22.124807357788086,
      22.005321502685547,
      23.180830001831055,
      23.313186645507812,
      22.81591033935547,
      23.747772216796875,
      23.493133544921875,
      21.933210372924805,
      21.87264060974121,
      22.474437713623047,
      22.674955368041992,
      23.347511291503906,
      23.99150848388672,
      23.139066696166992,
      23.28525161743164,
      22.673641204833984,
      21.945053100585938,
      22.299312591552734,
      22.724328994750977,
      24.256072998046875,
      16.75787353515625,
      9.475756645202637,
      8.84818172454834,
      21.636568069458008,
      20.006385803222656,
      21.92536163330078,
      22.852840423583984,
      22.32073211669922,
      21.735395431518555,
      23.08951187133789,
      24.197612762451172,
      22.982864379882812,
      23.32114028930664,
      23.42095375061035,
      22.879056930541992,
      22.141151428222656,
      21.449548721313477,
      22.266138076782227,
      24.35101890563965,
      25.302837371826172,
      24.220457077026367,
      23.678993225097656,
      23.56777000427246,
      22.668664932250977,
      23.098003387451172,
      23.664506912231445,
      23.19746208190918,
      23.674402236938477,
      24.041051864624023,
      26.85843276977539,
      18.2478084564209,
      9.189114570617676,
      8.406397819519043,
      22.126567840576172,
      21.25753402709961,
      23.58509635925293,
      25.493709564208984,
      26.44702911376953,
      25.42810821533203,
      25.098899841308594,
      24.42511749267578,
      24.282899856567383,
      24.890151977539062,
      24.244670867919922,
      24.22576141357422,
      26.297367095947266,
      27.58836555480957,
      25.922595977783203,
      24.696365356445312,
      24.960548400878906,
      24.849817276000977,
      25.14076042175293,
      25.180927276611328,
      24.53285026550293,
      25.45762825012207,
      25.888341903686523,
      24.84425926208496,
      24.823938369750977,
      23.930200576782227,
      25.114994049072266,
      17.650625228881836,
      8.906527519226074,
      9.066908836364746,
      24.14518165588379,
      22.960201263427734,
      25.09299087524414,
      26.078317642211914,
      25.76080894470215,
      24.350643157958984,
      23.98662567138672,
      24.71470832824707,
      24.52705192565918,
      25.572853088378906,
      26.644189834594727,
      26.055633544921875,
      24.950336456298828,
      24.962278366088867,
      24.92112922668457,
      25.129901885986328,
      24.496774673461914,
      23.610380172729492,
      25.03675079345703,
      26.330810546875,
      25.126523971557617,
      25.381582260131836,
      25.311222076416016,
      24.62197494506836,
      24.369464874267578,
      23.221986770629883,
      25.915035247802734,
      19.375144958496094,
      9.576510429382324,
      8.710034370422363,
      23.54544448852539,
      22.465734481811523,
      24.154211044311523,
      24.21212387084961,
      24.27251434326172,
      24.435361862182617,
      25.833450317382812,
      27.903371810913086,
      26.56410026550293,
      26.162317276000977,
      25.386701583862305,
      24.304590225219727,
      24.85514259338379,
      25.574357986450195,
      24.01020050048828,
      24.780853271484375,
      26.292556762695312,
      26.079517364501953,
      25.49650764465332,
      24.681631088256836,
      24.513017654418945,
      24.91379165649414,
      24.708528518676758,
      24.294599533081055,
      25.824922561645508,
      25.70058250427246,
      26.766752243041992,
      18.228660583496094,
      9.093836784362793
    ]
  },
  "vary_num_samples_32": {
    "score": 77.07179260253906,
    "per_frame_errors": [
      8.661667823791504,
      22.292041778564453,
      21.1666316986084,
      22.14539909362793,
      22.249897003173828,
      22.52466583251953,
      22.6516170501709,
      22.364456176757812,
      22.12459945678711,
      22.0054931640625,
      23.18105125427246,
      23.31308937072754,
      22.815902709960938,
      23.74764060974121,
      23.492595672607422,
      21.931734085083008,
      21.866905212402344,
      22.473173141479492,
      22.674623489379883,
      23.34760856628418,
      23.99159049987793,
      23.13913917541504,
      23.285282135009766,
      22.67340087890625,
      21.94507598876953,
      22.29928207397461,
      22.724552154541016,
      24.256072998046875,
      16.758745193481445,
      9.475747108459473,
      8.848400115966797,
      21.637033462524414,
      20.006650924682617,
      21.925134658813477,
      22.852684020996094,
      22.32044792175293,
      21.73560333251953,
      23.089635848999023,
      24.197519302368164,
      22.98285484313965,
      23.321128845214844,
      23.42097282409668,
      22.878997802734375,
      22.141170501708984,
      21.449583053588867,
      22.266162872314453,
      24.35114288330078,
      25.30361557006836,
      24.216535568237305,
      23.67924690246582,
      23.56670379638672,
      22.669204711914062,
      23.097644805908203,
      23.664302825927734,
      23.198131561279297,
      23.674461364746094,
      24.040082931518555,
      26.855945587158203,
      18.24614906311035,
      9.188409805297852,
      8.405655860900879,
      22.12618064880371,
      21.25773811340332,
      23.585674285888672,
      25.493986129760742,
      26.4470272064209,
      25.42881965637207,
      25.09952163696289,
      24.425077438354492,
      24.283397674560547,
      24.89187240600586,
      24.24376106262207,
      24.22579002380371,
      26.29631996154785,
      27.58746910095215,
      25.921226501464844,
      24.696420669555664,
      24.96060562133789,
      24.851016998291016,
      25.14423942565918,
      25.18177032470703,
      24.52835464477539,
      25.453903198242188,
      25.886730194091797,
      24.842416763305664,
      24.822465896606445,
      23.930070877075195,
      25.114822387695312,
      17.65074920654297,
      8.906915664672852,
      9.067741394042969,
      24.146230697631836,
      22.96108055114746,
      25.093416213989258,
      26.0794620513916,
      25.760204315185547,
      24.351049423217773,
      23.98969078063965,
      24.7165470123291,
      24.52812957763672,
      25.572628021240234,
      26.644479751586914,
      26.056861877441406,
      24.950613021850586,
      24.961986541748047,
      24.921377182006836,
      25.13002586364746,
      24.49742889404297,
      23.61051368713379,
      25.03795623779297,
      26.33262825012207,
      25.127147674560547,
      25.3819637298584,
      25.311965942382812,
      24.622554779052734,
      24.36927604675293,
      23.22249984741211,
      25.914987564086914,
      19.374467849731445,
      9.576493263244629,
      8.709249496459961,
      23.54158592224121,
      22.463891983032227,
      24.153409957885742,
      24.211383819580078,
      24.271242141723633,
      24.432947158813477,
      25.8316707611084,
      27.90216064453125,
      26.564332962036133,
      26.163047790527344,
      25.387340545654297,
      24.30606460571289,
      24.857189178466797,
      25.578458786010742,
      24.012264251708984,
      24.783267974853516,
      26.295442581176758,
      26.089052200317383,
      25.507240295410156,
      24.690967559814453,
      24.52222442626953,
      24.919227600097656,
      24.711864471435547,
      24.297367095947266,
      25.827131271362305,
      25.701496124267578,
      26.768028259277344,
      18.23065185546875,
      9.094175338745117
    ]
  },
  "vary_num_samples_4": {
    "score": 77.1299057006836,