{
  "vary_num_samples_16": {
    "score": 88.7279052734375,
    "per_frame_errors": [
      15.613649368286133,
      16.936033248901367,
      12.240557670593262,
      10.879165649414062,
      9.64260482788086,
      8.930079460144043,
      8.519412994384766,
      8.235564231872559,
      9.200950622558594
    ]
  },
  "vary_num_samples_32": {
    "score": 89.04370880126953,
    "per_frame_errors": [
      12.133520126342773,
      14.234251976013184,
      11.063848495483398,
      10.173918724060059,
      9.244054794311523,
      8.697165489196777,
      8.397927284240723,
      8.184890747070312,
      9.183944702148438
    ]
  },
  "vary_num_samples_4": {
    "score": 88.53269958496094,
    "per_frame_errors": [
      15.692116737365723,
      17.07999038696289,
      12.418617248535156,
      11.153277397155762,
      9.991267204284668,
      9.206881523132324,
      8.688713073730469,
      8.412995338439941,
      9.405765533447266
    ]
  },
  "vary_num_samples_64": {
    "score": 88.7295150756836,
    "per_frame_errors": [
      14.912078857421875,
      16.674060821533203,
      11.810189247131348,
      10.579828262329102,
      9.593820571899414,
      8.956273078918457,
      8.4968843460083,
      8.238922119140625,
      9.268439292907715
    ]
  },
  "vary_num_samples_8": {
    "score": 89.10140228271484,
    "per_frame_errors": [
      12.291915893554688,
      14.319418907165527,
      11.064934730529785,
      10.133648872375488,
      9.153111457824707,
      8.57328987121582,
      8.236307144165039,
      8.033483505249023,
      9.09373664855957
    ]
  }
}