{
  "vary_hist_percent_1": {
    "score": 88.65474700927734,
    "per_frame_errors": [
      15.500883102416992,
      16.862136840820312,
      12.156990051269531,
      10.844071388244629,
      9.63233757019043,
      8.935481071472168,
      8.53046703338623,
      8.257763862609863,
      9.300665855407715
    ]
  },
  "vary_hist_percent_10": {
    "score": 88.65353393554688,
    "per_frame_errors": [
      15.502212524414062,
      16.864818572998047,
      12.158469200134277,
      10.847975730895996,
      9.634881019592285,
      8.936952590942383,
      8.530989646911621,
      8.258838653564453,
      9.300972938537598
    ]
  },
  "vary_hist_percent_100": {
    "score": 89.04165649414062,
    "per_frame_errors": [
      12.335794448852539,
      14.370892524719238,
      11.114480972290039,
      10.187405586242676,
      9.215668678283691,
      8.644417762756348,
      8.313559532165527,
      8.10834789276123,
      9.165862083435059
    ]
  },
  "vary_hist_percent_125": {
    "score": 89.48959350585938,
    "per_frame_errors": [
      14.261037826538086,
      15.687561988830566,
      11.329401969909668,
      10.070572853088379,
      8.926946640014648,
      8.23648738861084,
      7.817722320556641,
      7.597695827484131,
      8.58133316040039
    ]
  },
  "vary_hist_percent_15": {
    "score": 89.0943374633789,
    "per_frame_errors": [
      12.303391456604004,
      14.3251371383667,
      11.068713188171387,
      10.138187408447266,
      9.161699295043945,
      8.583688735961914,
      8.24839973449707,
      8.04310131072998,
      9.101579666137695
    ]
  },
  "vary_hist_percent_150": {
    "score": 90.37498474121094,
    "per_frame_errors": [
      10.58938217163086,
      12.450806617736816,
      9.529840469360352,
      8.709650993347168,
      7.881131172180176,
      7.392867088317871,
      7.131037712097168,
      7.034964561462402,
      8.055041313171387
    ]
  },
  "vary_hist_percent_200": {
    "score": 90.78460693359375,
    "per_frame_errors": [
      12.179482460021973,
      13.51030158996582,
      9.598604202270508,
      8.50415325164795,
      7.537113666534424,
      6.987734794616699,
      6.722364902496338,
      6.56721830368042,
      7.529732704162598
    ]
  },
  "vary_hist_percent_30": {
    "score": 88.767578125,
    "per_frame_errors": [
      15.467842102050781,
      16.774438858032227,
      12.086336135864258,
      10.766502380371094,
      9.53233528137207,
      8.820025444030762,
      8.402668952941895,
      8.135869026184082,
      9.17369270324707
    ]
  },
  "vary_hist_percent_5": {
    "score": 89.02415466308594,
    "per_frame_errors": [
      12.296647071838379,
      14.354230880737305,
      11.102779388427734,
      10.181734085083008,
      9.218005180358887,
      8.64560604095459,
      8.31787395477295,
      8.105629920959473,
      9.173643112182617
    ]
  },
  "vary_hist_percent_50": {
    "score": 89.0916519165039,
    "per_frame_errors": [
      12.304157257080078,
      14.325664520263672,
      11.071714401245117,
      10.139606475830078,
      9.16267204284668,
      8.582409858703613,
      8.249724388122559,
      8.045666694641113,
      9.104216575622559
    ]
  },
  "vary_hist_percent_75": {
    "score": 88.76578521728516,
    "per_frame_errors": [
      15.468244552612305,
      16.7729434967041,
      12.086663246154785,
      10.766389846801758,
      9.531405448913574,
      8.820878028869629,
      8.405640602111816,
      8.140474319458008,
      9.176621437072754
    ]
  }
}