{
  "vary_alpha_weight_0.01": {
    "score": 88.08104705810547,
    "per_frame_errors": [
      15.872578620910645,
      17.32845687866211,
      12.590967178344727,
      11.310914993286133,
      10.116328239440918,
      9.425760269165039,
      8.998858451843262,
      8.738763809204102,
      9.831031799316406
    ]
  },
  "vary_alpha_weight_0.02": {
    "score": 88.7346420288086,
    "per_frame_errors": [
      12.51098346710205,
      14.612168312072754,
      11.340689659118652,
      10.427420616149902,
      9.458982467651367,
      8.879268646240234,
      8.53184986114502,
      8.338325500488281,
      9.435458183288574
    ]
  },
  "vary_alpha_weight_0.04": {
    "score": 88.65424346923828,
    "per_frame_errors": [
      15.501197814941406,
      16.864315032958984,
      12.15928840637207,
      10.848177909851074,
      9.635939598083496,
      8.938680648803711,
      8.531723022460938,
      8.258585929870605,
      9.300456047058105
    ]
  },
  "vary_alpha_weight_0.06": {
    "score": 89.31111145019531,
    "per_frame_errors": [
      12.126115798950195,
      14.123292922973633,
      10.887693405151367,
      9.956620216369629,
      8.993338584899902,
      8.426055908203125,
      8.117430686950684,
      7.896585941314697,
      8.925445556640625
    ]
  },
  "vary_alpha_weight_0.1": {
    "score": 89.72076416015625,
    "per_frame_errors": [
      14.83781623840332,
      15.947578430175781,
      11.338661193847656,
      9.970734596252441,
      8.719847679138184,
      8.007804870605469,
      7.631551742553711,
      7.346465110778809,
      8.298933029174805
    ]
  },
  "vary_alpha_weight_0.2": {
    "score": 91.071044921875,
    "per_frame_errors": [
      10.774794578552246,
      12.392108917236328,
      9.334063529968262,
      8.354846954345703,
      7.402845859527588,
      6.878608703613281,
      6.661673545837402,
      6.427023410797119,
      7.323763847351074
    ]
  },
  "vary_alpha_weight_0.5": {
    "score": 92.61192321777344,
    "per_frame_errors": [
      11.54389476776123,
      12.075699806213379,
      8.151350021362305,
      6.895666122436523,
      5.861781597137451,
      5.333141803741455,
      5.180500030517578,
      4.990218639373779,
      5.784454345703125
    ]
  },
  "vary_alpha_weight_0.6": {
    "score": 92.9043960571289,
    "per_frame_errors": [
      8.150033950805664,
      9.34157943725586,
      6.910867214202881,
      6.1580939292907715,
      5.469115734100342,
      5.110109806060791,
      5.069754123687744,
      4.9557695388793945,
      5.78488826751709
    ]
  },
  "vary_alpha_weight_0.7": {
    "score": 92.79570770263672,
    "per_frame_errors": [
      10.488986015319824,
      11.042627334594727,
      7.526958465576172,
      6.611430644989014,
      5.801459312438965,
      5.244678020477295,
      5.057683944702148,
      4.902349472045898,
      5.684942245483398
    ]
  },
  "vary_alpha_weight_0.8": {
    "score": 93.2639389038086,
    "per_frame_errors": [
      7.3571319580078125,
      8.486684799194336,
      6.293842792510986,
      5.646557807922363,
      5.030689239501953,
      4.685248851776123,
      4.672429084777832,
      4.673152923583984,
      5.484997272491455
    ]
  },
  "vary_alpha_weight_0.9": {
    "score": 92.9605712890625,
    "per_frame_errors": [
      9.723993301391602,
      10.260208129882812,
      7.056520462036133,
      6.291745662689209,
      5.555582523345947,
      4.99975061416626,
      4.836029529571533,
      4.810121059417725,
      5.582619667053223
    ]
  },
  "vary_alpha_weight_1.0": {
    "score": 93.13175964355469,
    "per_frame_errors": [
      6.872053623199463,
      8.079764366149902,
      6.083673000335693,
      5.557741165161133,
      5.021711349487305,
      4.682528495788574,
      4.706789016723633,
      4.8530473709106445,
      5.669315338134766
    ]
  }
}