{
  "vary_filter_size_0.1": {
    "score": 89.10417175292969,
    "per_frame_errors": [
      12.29223918914795,
      14.317570686340332,
      11.05416488647461,
      10.125316619873047,
      9.14876937866211,
      8.572813034057617,
      8.237905502319336,
      8.032784461975098,
      9.09237003326416
    ]
  },
  "vary_filter_size_0.25": {
    "score": 88.63490295410156,
    "per_frame_errors": [
      15.52208137512207,
      16.878158569335938,
      12.174776077270508,
      10.864171981811523,
      9.65457820892334,
      8.958962440490723,
      8.55467414855957,
      8.28057861328125,
      9.31725788116455
    ]
  },
  "vary_filter_size_0.5": {
    "score": 89.025634765625,
    "per_frame_errors": [
      12.296722412109375,
      14.355559349060059,
      11.102532386779785,
      10.183213233947754,
      9.217545509338379,
      8.64493179321289,
      8.31893539428711,
      8.106795310974121,
      9.173130989074707
    ]
  },
  "vary_filter_size_0.7": {
    "score": 88.65302276611328,
    "per_frame_errors": [
      15.502364158630371,
      16.866195678710938,
      12.156509399414062,
      10.839434623718262,
      9.629928588867188,
      8.934565544128418,
      8.531468391418457,
      8.258612632751465,
      9.30146312713623
    ]
  },
  "vary_filter_size_0.9": {
    "score": 88.98946380615234,
    "per_frame_errors": [
      12.318528175354004,
      14.390397071838379,
      11.135321617126465,
      10.218189239501953,
      9.260445594787598,
      8.691754341125488,
      8.367219924926758,
      8.155182838439941,
      9.220881462097168
    ]
  },
  "vary_filter_size_0.95": {
    "score": 88.76673126220703,
    "per_frame_errors": [
      15.469884872436523,
      16.772987365722656,
      12.085723876953125,
      10.76458740234375,
      9.531867027282715,
      8.820656776428223,
      8.404635429382324,
      8.140610694885254,
      9.175952911376953
    ]
  },
  "vary_filter_size_1.0": {
    "score": 89.0292739868164,
    "per_frame_errors": [
      12.294508934020996,
      14.350342750549316,
      11.097956657409668,
      10.178691864013672,
      9.214481353759766,
      8.642040252685547,
      8.312593460083008,
      8.100564956665039,
      9.168990135192871
    ]
  }
}