{
  "vary_alpha_weight_0.01": 61.99388122558594,
  "vary_alpha_weight_0.02": 63.33061599731445,
  "vary_alpha_weight_0.04": 65.73577117919922,
  "vary_alpha_weight_0.06": 67.79401397705078,
  "vary_alpha_weight_0.1": 71.01302337646484,
  "vary_alpha_weight_0.2": 75.79363250732422,
  "vary_alpha_weight_0.5": 80.53829956054688,
  "vary_alpha_weight_1.0": 80.36224365234375
}