{
  "vary_hist_percent_100": 65.734130859375,
  "vary_hist_percent_125": 67.0274887084961,
  "vary_hist_percent_150": 68.62606811523438,
  "vary_hist_percent_200": 70.23788452148438,
  "vary_hist_percent_50": 65.73410034179688,
  "vary_hist_percent_75": 65.73365783691406
}