{
  "vary_num_samples_16": 65.25845336914062,
  "vary_num_samples_32": 65.44287872314453,
  "vary_num_samples_64": 65.51078796386719
}