{
  "vary_filter_size_0.1": 65.72869873046875,
  "vary_filter_size_0.25": 65.727294921875,
  "vary_filter_size_0.5": 65.730224609375,
  "vary_filter_size_0.7": 65.73098754882812,
  "vary_filter_size_0.9": 65.73235321044922,
  "vary_filter_size_0.95": 65.73570251464844
}