{
  "vary_alpha_weight_0.01": 54.719017028808594,
  "vary_alpha_weight_0.02": 55.33747482299805,
  "vary_alpha_weight_0.04": 56.40989303588867,
  "vary_alpha_weight_0.06": 57.16516876220703,
  "vary_alpha_weight_0.1": 58.135475158691406,
  "vary_alpha_weight_0.2": 59.258609771728516,
  "vary_alpha_weight_0.5": 60.20058059692383,
  "vary_alpha_weight_1.0": 60.31888961791992
}