{
  "vary_hist_percent_100": 56.405582427978516,
  "vary_hist_percent_125": 57.08689498901367,
  "vary_hist_percent_150": 57.72969055175781,
  "vary_hist_percent_200": 58.4654426574707,
  "vary_hist_percent_50": 56.40800857543945,
  "vary_hist_percent_75": 56.404502868652344
}