{
  "vary_filter_size_0.1": 56.40854263305664,
  "vary_filter_size_0.25": 56.40695571899414,
  "vary_filter_size_0.5": 56.408912658691406,
  "vary_filter_size_0.7": 56.406673431396484,
  "vary_filter_size_0.9": 56.40714645385742,
  "vary_filter_size_0.95": 56.40773010253906
}