{
  "vary_num_samples_16": 56.5106086730957,
  "vary_num_samples_32": 56.36699295043945,
  "vary_num_samples_4": 56.89582061767578,
  "vary_num_samples_64": 56.35691452026367,
  "vary_num_samples_8": 56.405879974365234
}