{
  "vary_num_samples_16": {
    "score": 93.18238067626953,
    "per_frame_errors": [
      13.958772659301758,
      25.099550247192383,
      20.071889877319336,
      18.823244094848633,
      16.9719181060791,
      15.50972843170166,
      14.079035758972168,
      12.947709083557129,
      11.979046821594238,
      11.193593978881836,
      10.43167781829834,
      9.92190933227539,
      9.406041145324707,
      9.128416061401367,
      8.698294639587402,
      8.361637115478516,
      8.031271934509277,
      7.894433498382568,
      7.620031833648682,
      7.415897369384766,
      7.17488431930542,
      7.155102729797363,
      6.996520042419434,
      6.888558864593506,
      6.808495998382568,
      6.767618179321289,
      6.603092193603516,
      6.994358062744141,
      5.7091546058654785,
      3.640479564666748,
      3.78294038772583,
      6.684550762176514,
      5.850751876831055,
      6.223743915557861,
      6.156477928161621,
      6.118286609649658,
      5.975225925445557,
      6.006796836853027,
      5.99037504196167,
      5.981803894042969,
      5.950073719024658,
      5.9935197830200195,
      5.984802722930908,
      6.082289218902588,
      6.097599029541016,
      6.196069717407227,
      6.152781963348389,
      6.050978183746338,
      6.001583576202393,
      5.958964824676514,
      5.904285907745361,
      5.80255126953125,
      5.735429286956787,
      5.848339557647705,
      5.911801338195801,
      5.920373439788818,
      5.9424028396606445,
      6.412861347198486,
      5.25184440612793,
      3.405449628829956,
      3.8424549102783203,
      6.529159069061279,
      5.703274726867676,
      6.037642478942871,
      6.197918891906738,
      6.146737098693848,
      6.247354030609131,
      6.225203990936279,
      6.370909690856934,
      6.438635349273682,
      6.505038738250732,
      6.3393659591674805,
      6.339173793792725,
      6.310043811798096,
      6.306767463684082,
      6.12966775894165,
      5.976937294006348,
      5.816622257232666,
      5.7085113525390625,
      5.7508225440979,
      5.741859436035156,
      6.008392810821533,
      6.290656566619873,
      6.136517524719238,
      5.791645050048828,
      5.602348804473877,
      5.475400924682617,
      5.592584133148193,
      4.976889610290527,
      3.650691509246826,
      4.156073570251465,
      5.8958330154418945,
      5.173106670379639,
      5.637566566467285,
      5.864239692687988,
      5.877383708953857,
      5.820648193359375,
      5.514346599578857,
      5.2801313400268555,
      5.192554950714111,
      5.212364196777344,
      5.500011444091797,
      5.657780170440674,
      5.508377552032471,
      5.305696964263916,
      5.4717607498168945,
      5.686643123626709,
      5.779404163360596,
      5.546197414398193,
      5.14370059967041,
      5.104992389678955,
      5.134824752807617,
      5.180888652801514,
      5.470883846282959,
      5.8507513999938965,
      5.931001663208008,
      5.938361167907715,
      6.145346641540527,
      5.801541805267334,
      4.624096870422363,
      5.545234680175781,
      7.654561519622803,
      7.588528156280518,
      7.693894863128662,
      7.448563575744629,
      7.5814924240112305,
      7.55712366104126,
      7.491461277008057,
      7.666932106018066,
      7.496148586273193,
      7.573901176452637,
      7.640428066253662,
      7.367720127105713,
      6.967795372009277,
      6.815075874328613,
      6.597351551055908,
      6.47337007522583,
      6.219261169433594,
      5.910381317138672,
      5.509711742401123,
      5.327338695526123,
      5.332499027252197,
      5.312088966369629,
      5.300171852111816,
      5.324681282043457,
      5.52035665512085,
      5.712997913360596,
      6.218146324157715,
      5.557444095611572,
      3.985116958618164
    ]
  },
  "vary_num_samples_32": {
    "score": 93.28398895263672,
    "per_frame_errors": [
      12.934501647949219,
      23.408935546875,
      18.73601531982422,
      17.682226181030273,
      16.016080856323242,
      14.748322486877441,
      13.453756332397461,
      12.407428741455078,
      11.502525329589844,
      10.803828239440918,
      10.094487190246582,
      9.62722396850586,
      9.15389633178711,
      8.892176628112793,
      8.537479400634766,
      8.263712882995605,
      7.920199394226074,
      7.7825727462768555,
      7.528698444366455,
      7.370140552520752,
      7.210508823394775,
      7.14210319519043,
      6.924509525299072,
      6.884140491485596,
      6.704157829284668,
      6.520108699798584,
      6.420675754547119,
      6.902322769165039,
      5.6422247886657715,
      3.6048104763031006,
      3.647022008895874,
      6.562981128692627,
      5.798388481140137,
      6.1913533210754395,
      6.129873275756836,
      6.100134372711182,
      5.9534077644348145,
      5.995544910430908,
      5.982331275939941,
      5.969610214233398,
      5.936911106109619,
      5.983442306518555,
      5.975416660308838,
      6.0742506980896,
      6.088387966156006,
      6.180906772613525,
      6.150040626525879,
      6.0634965896606445,
      5.973894119262695,
      5.974355697631836,
      5.925786018371582,
      5.851254463195801,
      5.870921611785889,
      5.918465614318848,
      5.8769707679748535,
      5.897824764251709,
      5.86747932434082,
      6.271917343139648,
      5.156623840332031,
      3.3600502014160156,
      3.816135883331299,
      6.51893424987793,
      5.663327693939209,
      5.987364768981934,
      6.141244411468506,
      6.088357925415039,
      6.182703018188477,
      6.176710605621338,
      6.321448802947998,
      6.39572811126709,
      6.464223384857178,
      6.2998833656311035,
      6.301907062530518,
      6.280623435974121,
      6.2783732414245605,
      6.103295803070068,
      5.948820114135742,
      5.787295818328857,
      5.688429832458496,
      5.760815143585205,
      5.748371601104736,
      5.9816179275512695,
      6.194287300109863,
      6.107492923736572,
      5.808867454528809,
      5.619052410125732,
      5.429032802581787,
      5.569210052490234,
      4.931718826293945,
      3.5947580337524414,
      4.0870747566223145,
      5.808814525604248,
      5.1079936027526855,
      5.571288585662842,
      5.7264251708984375,
      5.71469783782959,
      5.671709060668945,
      5.386615753173828,
      5.16814661026001,
      5.09563684463501,
      5.130741596221924,
      5.427375793457031,
      5.599977970123291,
      5.457220554351807,
      5.265411853790283,
      5.441708564758301,
      5.655097007751465,
      5.745462894439697,
      5.515798568725586,
      5.121762275695801,
      5.117501735687256,
      5.237602233886719,
      5.301276206970215,
      5.497996807098389,
      5.882784843444824,
      5.9810686111450195,
      6.008007049560547,
      6.22274112701416,
      5.761834144592285,
      4.5271077156066895,
      5.578793525695801,
      7.6739068031311035,
      7.494786739349365,
      7.68770170211792,
      7.473912239074707,
      7.5371503829956055,
      7.350135326385498,
      7.343919277191162,
      7.507721900939941,
      7.346516132354736,
      7.441519737243652,
      7.529077053070068,
      7.283730506896973,
      6.904299259185791,
      6.7660441398620605,
      6.554392337799072,
      6.436315536499023,
      6.19019889831543,
      5.888566017150879,
      5.4925618171691895,
      5.314286231994629,
      5.326513290405273,
      5.3203840255737305,
      5.364500045776367,
      5.405811309814453,
      5.554015159606934,
      5.750638008117676,
      6.270970344543457,
      5.606959819793701,
      4.030479431152344
    ]
  },
  "vary_num_samples_4": {
    "score": 93.1277084350586,